server_label,timestamp,elapsed_sec,interval_sec,goodput_bps,snd_cwnd_bytes,srtt_us,rttvar_us,retransmits,total_retrans,lost,pacing_rate_bps,delivery_rate_bps,bytes_acked,bytes_sent_kernel,bytes_sent_app,snd_ssthresh,snd_mss,min_rtt_us
"speedtest.lu.buyvm.net:5201 (Bissen, LU)",1771989045.035709,0.4052,0.4052,1918105.7812960213,108301,132000,2000,,0,0,,,97160,205461,262144,1073725440,1388,
"speedtest.lu.buyvm.net:5201 (Bissen, LU)",1771989045.2991529,0.6687,0.2634,5184267.377115319,279025,136000,2000,,0,0,,,267884,546909,786432,1073725440,1388,
"speedtest.lu.buyvm.net:5201 (Bissen, LU)",1771989045.889733,1.2592,0.5906,20400701.547395702,297860,143000,7000,,252616,182,,,1773864,2324377,2097152,516336,1388,
"speedtest.lu.buyvm.net:5201 (Bissen, LU)",1771989046.408941,1.7784,0.5192,19175583.58601844,326784,132000,1000,,395580,285,,,3018340,3740741,3407872,363656,1388,
"speedtest.lu.buyvm.net:5201 (Bissen, LU)",1771989046.7001479,2.0697,0.2912,21786529.654719118,375364,131000,1000,,395580,285,,,3811492,4581869,4587520,363656,1388,
"speedtest.lu.buyvm.net:5201 (Bissen, LU)",1771989046.963812,2.3334,0.2637,23328741.01563301,386468,130000,2000,,395580,285,,,4580444,5361925,5373952,363656,1388,
"speedtest.lu.buyvm.net:5201 (Bissen, LU)",1771989047.2263181,2.5958,0.2625,23904006.976683702,394796,131000,1000,,395580,285,,,5364664,6154473,6160384,363656,1388,
"speedtest.lu.buyvm.net:5201 (Bissen, LU)",1771989047.476455,2.8459,0.2501,23312762.13328804,401736,132000,2000,,395580,285,,,6093364,6890113,6946816,363656,1388,
"speedtest.lu.buyvm.net:5201 (Bissen, LU)",1771989047.7358458,3.1054,0.2595,24607415.609857902,408676,133000,4000,,395580,285,,,6891464,7695153,7733248,363656,1388,
"speedtest.lu.buyvm.net:5201 (Bissen, LU)",1771989047.987989,3.3575,0.2522,24704427.972803317,415616,130000,0,,395580,285,,,7670132,8480761,8519680,363656,1388,
"speedtest.lu.buyvm.net:5201 (Bissen, LU)",1771989048.272755,3.6422,0.2847,25547204.953668196,421168,130000,1000,,395580,285,,,8579272,9395453,9437184,363656,1388,
"speedtest.lu.buyvm.net:5201 (Bissen, LU)",1771989048.5134,3.8829,0.2407,25740080.29345319,425332,130000,1000,,395580,285,,,9353776,10174121,10223616,363656,1388,
"speedtest.lu.buyvm.net:5201 (Bissen, LU)",1771989048.792119,4.1616,0.2787,25818290.823352862,429496,131000,1000,,395580,285,,,10253200,11077709,11141120,363656,1388,
"speedtest.lu.buyvm.net:5201 (Bissen, LU)",1771989049.0241358,4.3936,0.232,26895763.272750057,432272,136000,7000,,395580,285,,,11033256,11860541,11927552,363656,1388,
"speedtest.lu.buyvm.net:5201 (Bissen, LU)",1771989049.309487,4.679,0.2854,25643263.390069358,435048,131000,0,,395580,285,,,11947948,12778009,12845056,363656,1388,
"speedtest.lu.buyvm.net:5201 (Bissen, LU)",1771989049.577357,4.9468,0.2679,26946274.339168586,436436,132000,2000,,395580,285,,,12850148,13681597,13762560,363656,1388,
"speedtest.lu.buyvm.net:5201 (Bissen, LU)",1771989049.803583,5.173,0.2262,27539093.036788214,437824,132000,2000,,395580,285,,,13628816,14461653,14548992,363656,1388,
"speedtest.lu.buyvm.net:5201 (Bissen, LU)",1771989050.0153,5.3848,0.2117,29837932.63092512,439212,133000,1000,,395580,285,,,14418588,15252813,15335424,363656,1388,
"speedtest.lu.buyvm.net:5201 (Bissen, LU)",1771989050.259605,5.6291,0.2443,21589292.506764647,440600,143000,8000,,395580,285,,,15077888,15913501,15990784,363656,1388,
"speedtest.lu.buyvm.net:5201 (Bissen, LU)",1771989050.464122,5.8336,0.2045,19604713.936192036,440600,148000,10000,,395580,285,,,15578956,16414569,16515072,363656,1388,
"speedtest.lu.buyvm.net:5201 (Bissen, LU)",1771989050.8254201,6.1949,0.3613,22373096.36688064,315076,132000,3000,,398356,287,,,16589420,17301697,16908288,308136,1388,
"speedtest.lu.buyvm.net:5201 (Bissen, LU)",1771989051.075718,6.4452,0.2503,17306653.695153404,323404,131000,1000,,398356,287,,,17130936,17852733,17825792,308136,1388,
"speedtest.lu.buyvm.net:5201 (Bissen, LU)",1771989051.34032,6.7098,0.2646,20061101.840715535,331732,133000,4000,,398356,287,,,17794400,18524525,18481152,308136,1388,
"speedtest.lu.buyvm.net:5201 (Bissen, LU)",1771989051.599732,6.9692,0.2594,19989927.72511902,338672,131000,2000,,398356,287,,,18442596,19179661,19136512,308136,1388,
"speedtest.lu.buyvm.net:5201 (Bissen, LU)",1771989051.861993,7.2315,0.2623,19643400.323545728,345612,133000,3000,,398356,287,,,19086628,19830633,19791872,308136,1388,
"speedtest.lu.buyvm.net:5201 (Bissen, LU)",1771989052.078732,7.4481,0.2167,23984483.101152904,351164,132000,3000,,398356,287,,,19736212,20485769,20447232,308136,1388,
"speedtest.lu.buyvm.net:5201 (Bissen, LU)",1771989052.293536,7.6629,0.2148,23836560.22951845,355328,132000,0,,398356,287,,,20376080,21129801,21102592,308136,1388,
"speedtest.lu.buyvm.net:5201 (Bissen, LU)",1771989052.529651,7.8991,0.2362,17910328.186295625,359492,130000,1000,,398356,287,,,20904908,21662793,21626880,308136,1388,
"speedtest.lu.buyvm.net:5201 (Bissen, LU)",1771989052.7761831,8.1456,0.2465,21219244.05094397,362268,131000,1000,,398356,287,,,21558656,22319317,22282240,308136,1388,
"speedtest.lu.buyvm.net:5201 (Bissen, LU)",1771989053.0334249,8.4029,0.2573,22095855.590651125,365044,131000,1000,,398356,287,,,22269312,23032749,23068672,308136,1388,
"speedtest.lu.buyvm.net:5201 (Bissen, LU)",1771989053.234138,8.6036,0.2007,26168047.073323395,367820,130000,1000,,398356,287,,,22925836,23692049,23724032,308136,1388,
"speedtest.lu.buyvm.net:5201 (Bissen, LU)",1771989053.445172,8.8146,0.211,19997030.149529,369208,131000,1000,,398356,287,,,23453276,24220877,24248320,308136,1388,
"speedtest.lu.buyvm.net:5201 (Bissen, LU)",1771989053.684075,9.0535,0.2389,22168303.124458864,370596,129000,1000,,398356,287,,,24115352,24884341,24903680,308136,1388,
"speedtest.lu.buyvm.net:5201 (Bissen, LU)",1771989053.95837,9.3277,0.2742,22878290.00203295,371984,130000,0,,398356,287,,,24899572,25669949,25690112,308136,1388,
"speedtest.lu.buyvm.net:5201 (Bissen, LU)",1771989054.229915,9.5993,0.2715,23146237.050221346,373372,131000,1000,,398356,287,,,25685180,26456945,26476544,308136,1388,
"speedtest.lu.buyvm.net:5201 (Bissen, LU)",1771989054.4595451,9.8289,0.2296,22633026.186635327,374760,130000,1000,,398356,287,,,26334764,27107917,27131904,308136,1388,
"speedtest.lu.buyvm.net:5201 (Bissen, LU)",1771989054.663949,10.0333,0.2045,25959934.735699963,374760,130000,1000,,398356,287,,,26998228,27771381,27787264,308136,1388,
"speedtest.lu.buyvm.net:5201 (Bissen, LU)",1771989054.869189,10.2386,0.2053,20232721.87929155,374760,131000,1000,,398356,287,,,27517340,28290493,28311552,308136,1388,
"speedtest.lu.buyvm.net:5201 (Bissen, LU)",1771989055.140793,10.5102,0.2716,23183381.87506176,374760,131000,1000,,398356,287,,,28304336,29077489,29097984,308136,1388,
"speedtest.lu.buyvm.net:5201 (Bissen, LU)",1771989055.374476,10.7439,0.2337,22328243.86085539,374760,132000,3000,,398356,287,,,28956696,29729849,29753344,308136,1388,
"speedtest.lu.buyvm.net:5201 (Bissen, LU)",1771989055.57988,10.9493,0.2054,25516530.91838664,374760,129000,1000,,398356,287,,,29611832,30384985,30408704,308136,1388,
"speedtest.lu.buyvm.net:5201 (Bissen, LU)",1771989055.789742,11.1592,0.2099,19947855.8696282,374760,135000,3000,,398356,287,,,30135108,30908261,30932992,308136,1388,
"speedtest.lu.buyvm.net:5201 (Bissen, LU)",1771989056.058594,11.428,0.2688,23543330.181110576,374760,131000,1000,,398356,287,,,30926268,31699421,31719424,308136,1388,
"speedtest.lu.buyvm.net:5201 (Bissen, LU)",1771989056.2831402,11.6526,0.2246,23240905.86401627,374760,131000,1000,,398356,287,,,31578628,32351781,32374784,308136,1388,
"speedtest.lu.buyvm.net:5201 (Bissen, LU)",1771989056.495502,11.8649,0.2124,24889215.998694226,376148,129000,1000,,398356,287,,,32239316,33013857,33030144,308136,1388,
"speedtest.lu.buyvm.net:5201 (Bissen, LU)",1771989056.709648,12.079,0.2141,19705136.527177785,376148,131000,2000,,398356,287,,,32766756,33541297,33554432,308136,1388,
"speedtest.lu.buyvm.net:5201 (Bissen, LU)",1771989056.950047,12.3194,0.2403,20837152.569221184,376148,151000,11000,,398356,287,,,33392744,34167285,34209792,308136,1388,
"speedtest.lu.buyvm.net:5201 (Bissen, LU)",1771989057.16864,12.538,0.2186,24175275.75487925,377536,131000,2000,,398356,287,,,34053432,34829361,34865152,308136,1388,
"speedtest.lu.buyvm.net:5201 (Bissen, LU)",1771989057.3810072,12.7504,0.2124,24363766.389094472,378924,131000,1000,,398356,287,,,34700240,35477557,35520512,308136,1388,
"speedtest.lu.buyvm.net:5201 (Bissen, LU)",1771989057.591539,12.9609,0.2105,19884738.1803842,380312,131000,3000,,398356,287,,,35223516,36002221,36044800,308136,1388,
"speedtest.lu.buyvm.net:5201 (Bissen, LU)",1771989057.7929962,13.1624,0.2015,25959168.783258766,381700,130000,2000,,398356,287,,,35877264,36657357,36700160,308136,1388,
"speedtest.lu.buyvm.net:5201 (Bissen, LU)",1771989058.001719,13.3711,0.2087,20482581.889567316,383088,130000,0,,398356,287,,,36411644,37193125,37224448,308136,1388,
"speedtest.lu.buyvm.net:5201 (Bissen, LU)",1771989058.20772,13.5771,0.206,25497856.94481373,385864,130000,1000,,398356,287,,,37068168,37852425,37879808,308136,1388,
"speedtest.lu.buyvm.net:5201 (Bissen, LU)",1771989058.419874,13.7892,0.2121,24551556.87285408,387252,130000,1000,,398356,287,,,37719140,38504785,38535168,308136,1388,
"speedtest.lu.buyvm.net:5201 (Bissen, LU)",1771989058.667236,14.0366,0.2474,21142025.96600603,391416,129000,0,,398356,287,,,38372888,39162697,39190528,308136,1388,
"speedtest.lu.buyvm.net:5201 (Bissen, LU)",1771989058.933333,14.3026,0.2661,23663626.005214285,395580,133000,3000,,398356,287,,,39159884,39953857,39976960,308136,1388,
"speedtest.lu.buyvm.net:5201 (Bissen, LU)",1771989059.195107,14.5644,0.2618,23923919.091724116,401132,130000,0,,398356,287,,,39942716,40742241,40763392,308136,1388,
"speedtest.lu.buyvm.net:5201 (Bissen, LU)",1771989059.454297,14.8236,0.2592,24418227.982488997,406684,131000,2000,,398356,287,,,40733876,41538953,41549824,308136,1388,
"speedtest.lu.buyvm.net:5201 (Bissen, LU)",1771989059.68593,15.0552,0.2316,26464387.72771598,413624,130000,1000,,398356,287,,,41500052,42312069,42336256,308136,1388,
"speedtest.lu.buyvm.net:5201 (Bissen, LU)",1771989059.8877592,15.2571,0.2019,25305007.3320376,419176,135000,4000,,398356,287,,,42138532,42956101,42991616,308136,1388,
"speedtest.lu.buyvm.net:5201 (Bissen, LU)",1771989060.1002848,15.4696,0.2125,23927914.68305252,426116,130000,1000,,398356,287,,,42774236,43598745,43646976,308136,1388,
"speedtest.lu.buyvm.net:5201 (Bissen, LU)",1771989060.3749802,15.7443,0.2747,26434626.633384686,435832,131000,2000,,398356,287,,,43681988,44516213,44564480,308136,1388,
"speedtest.lu.buyvm.net:5201 (Bissen, LU)",1771989060.649268,16.0186,0.2743,26155408.601469226,446936,130000,1000,,398356,287,,,44578636,45423965,45481984,308136,1388,
"speedtest.lu.buyvm.net:5201 (Bissen, LU)",1771989060.9016662,16.271,0.2524,28070953.79800238,458040,132000,2000,,398356,287,,,45464180,46320613,46399488,308136,1388,
"speedtest.lu.buyvm.net:5201 (Bissen, LU)",1771989061.1476622,16.517,0.246,25185031.687941328,469144,158000,9000,,398356,287,,,46238684,47106221,47185920,308136,1388,
"speedtest.lu.buyvm.net:5201 (Bissen, LU)",1771989061.353248,16.7226,0.2056,19550238.703610297,478860,198000,10000,,398356,287,,,46741140,47618393,47710208,308136,1388,
"speedtest.lu.buyvm.net:5201 (Bissen, LU)",1771989061.571399,16.9407,0.2181,8808342.649383008,487188,293000,12000,,398356,287,,,46981264,47866845,47972352,308136,1388,
"speedtest.lu.buyvm.net:5201 (Bissen, LU)",1771989061.816948,17.1863,0.2456,16818448.379325587,502456,218000,15000,,398356,287,,,47497600,48398449,48496640,308136,1388,
"speedtest.lu.buyvm.net:5201 (Bissen, LU)",1771989062.090365,17.459,0.2728,22838867.73498715,523276,201000,14000,,398356,287,,,48276268,49197937,49283072,308136,1388,
"speedtest.lu.buyvm.net:5201 (Bissen, LU)",1771989062.2979,17.6672,0.2081,21658859.88903121,538544,195000,10000,,398356,287,,,48839796,49776733,49938432,308136,1388,
"speedtest.lu.buyvm.net:5201 (Bissen, LU)",1771989062.553403,17.9227,0.2555,20165066.505929776,557976,205000,11000,,398356,287,,,49483828,50440197,50593792,308136,1388,
"speedtest.lu.buyvm.net:5201 (Bissen, LU)",1771989062.816328,18.1856,0.2629,18751528.186369553,577408,233000,19000,,398356,287,,,50100100,51075901,51249152,308136,1388,
"speedtest.lu.buyvm.net:5201 (Bissen, LU)",1771989063.018573,18.3879,0.2023,23656381.56417459,595452,194000,19000,,398356,287,,,50698328,51692173,51904512,308136,1388,
"speedtest.lu.buyvm.net:5201 (Bissen, LU)",1771989063.275496,18.6448,0.2569,20140697.207553864,617660,249000,17000,,398356,287,,,51345136,52361189,52559872,308136,1388,
"speedtest.lu.buyvm.net:5201 (Bissen, LU)",1771989063.47721,18.8465,0.2017,27910257.365513235,641256,184000,11000,,398356,287,,,52048852,53088501,53346304,308136,1388,
"speedtest.lu.buyvm.net:5201 (Bissen, LU)",1771989063.677931,19.0472,0.2007,34301458.71245587,664852,138000,4000,,398356,287,,,52909412,53972657,54263808,308136,1388,
"speedtest.lu.buyvm.net:5201 (Bissen, LU)",1771989063.893724,19.263,0.2158,42551790.73231133,692612,134000,1000,,398356,287,,,54057288,55148293,55443456,308136,1388,
"speedtest.lu.buyvm.net:5201 (Bissen, LU)",1771989064.107691,19.477,0.2139,41889750.49271008,717596,130000,0,,398356,287,,,55177404,56293393,56623104,308136,1388,
"speedtest.lu.buyvm.net:5201 (Bissen, LU)",1771989064.3135371,19.6828,0.2059,43957306.871384144,743968,131000,2000,,398356,287,,,56308624,57450985,57802752,308136,1388,
"speedtest.lu.buyvm.net:5201 (Bissen, LU)",1771989064.516774,19.8861,0.2032,44696619.80476588,768952,130000,0,,398356,287,,,57444008,58611353,58982400,308136,1388,
"speedtest.lu.buyvm.net:5201 (Bissen, LU)",1771989064.717525,20.0868,0.2008,49387028.38287097,796712,129000,0,,398356,287,,,58683492,59878597,60293120,308136,1388,
"speedtest.lu.buyvm.net:5201 (Bissen, LU)",1771989064.928381,20.2977,0.2108,47767473.58596259,827248,130000,1000,,398356,287,,,59942408,61168049,61603840,308136,1388,
"speedtest.lu.buyvm.net:5201 (Bissen, LU)",1771989065.1599429,20.5292,0.2315,48435045.928718545,859172,138000,3000,,398356,287,,,61344288,62601853,63045632,308136,1388,
"speedtest.lu.buyvm.net:5201 (Bissen, LU)",1771989065.9657652,21.335,0.8058,13890669.770845192,1267244,146000,4000,,438608,316,,,62743392,64139637,63700992,1267244,1388,
"speedtest.lu.buyvm.net:5201 (Bissen, LU)",1771989066.171092,21.5403,0.2053,15197672.476424906,1268632,246000,57000,,438608,316,,,63133420,64840389,65404928,1267244,1388,
"speedtest.lu.buyvm.net:5201 (Bissen, LU)",1771989066.448027,21.8173,0.277,22023258.25340061,1268632,415000,67000,,438608,316,,,63895912,65602401,66191360,1267244,1388,
"speedtest.lu.buyvm.net:5201 (Bissen, LU)",1771989066.6578481,22.0271,0.2098,54641998.25358416,1270020,174000,24000,,438608,316,,,65328928,67037593,67633152,1267244,1388,
"speedtest.lu.buyvm.net:5201 (Bissen, LU)",1771989066.8589928,22.2282,0.2011,78612845.09452777,1272796,135000,1000,,438608,316,,,67305440,69016881,69599232,1267244,1388,
"speedtest.lu.buyvm.net:5201 (Bissen, LU)",1771989067.066419,22.4357,0.2074,76659764.32781574,1274184,132000,1000,,438608,316,,,69293056,71005885,71565312,1267244,1388,
"speedtest.lu.buyvm.net:5201 (Bissen, LU)",1771989067.275757,22.6449,0.2093,78902066.19276959,1276960,130000,1000,,438608,316,,,71357012,73072617,73662464,1267244,1388,
"speedtest.lu.buyvm.net:5201 (Bissen, LU)",1771989067.4864461,22.8557,0.2108,74852404.78804548,1279736,133000,1000,,438608,316,,,73329360,75047741,75628544,1267244,1388,
"speedtest.lu.buyvm.net:5201 (Bissen, LU)",1771989067.695779,23.065,0.2093,80472497.05354472,1281124,131000,2000,,438608,316,,,75434956,77154725,77725696,1267244,1388,
"speedtest.lu.buyvm.net:5201 (Bissen, LU)",1771989067.967823,23.3371,0.272,66448969.579438776,678732,134000,1000,,446936,322,,,77694620,78820325,78643200,898036,1388,
"speedtest.lu.buyvm.net:5201 (Bissen, LU)",1771989068.506069,23.8753,0.5382,36828026.8716564,39744,130000,1000,,591288,426,,,80172200,80803269,80216064,448324,1388,
"speedtest.lu.buyvm.net:5201 (Bissen, LU)",1771989068.772665,24.1418,0.2665,4024391.3518943195,160500,133000,3000,,591288,426,,,80306284,81057229,80740352,448324,1388,
"speedtest.lu.buyvm.net:5201 (Bissen, LU)",1771989069.028703,24.3979,0.2561,12834575.582511017,460308,143000,9000,,591288,426,,,80717132,81767885,81657856,448324,1388,
"speedtest.lu.buyvm.net:5201 (Bissen, LU)",1771989069.3381708,24.7073,0.3094,25981547.628780805,328956,133000,1000,,599616,432,,,81722044,82650549,82051072,326180,1388,
"speedtest.lu.buyvm.net:5201 (Bissen, LU)",1771989069.585484,24.9547,0.2474,18228387.517706197,337284,131000,1000,,599616,432,,,82285644,83222581,82968576,326180,1388,
"speedtest.lu.buyvm.net:5201 (Bissen, LU)",1771989069.8254411,25.1947,0.24,20267474.126391765,345612,131000,1000,,599616,432,,,82893588,83838853,83623936,326180,1388,
"speedtest.lu.buyvm.net:5201 (Bissen, LU)",1771989070.027008,25.3962,0.2016,26055356.140849024,353940,132000,1000,,599616,432,,,83550112,84503705,84279296,326180,1388,
"speedtest.lu.buyvm.net:5201 (Bissen, LU)",1771989070.2606452,25.6299,0.2336,17917924.45980407,359492,130000,1000,,599616,432,,,84073388,85032533,84803584,326180,1388,
"speedtest.lu.buyvm.net:5201 (Bissen, LU)",1771989070.497382,25.8666,0.2367,21766075.95362627,365044,129000,2000,,599616,432,,,84717420,85682117,85458944,326180,1388,
"speedtest.lu.buyvm.net:5201 (Bissen, LU)",1771989070.7686431,26.1378,0.2712,22802845.92375363,371984,132000,1000,,599616,432,,,85490536,86462173,86245376,326180,1388,
"speedtest.lu.buyvm.net:5201 (Bissen, LU)",1771989070.993137,26.3623,0.2245,22602480.04700593,376148,130000,1000,,599616,432,,,86124852,87100653,86900736,326180,1388,
"speedtest.lu.buyvm.net:5201 (Bissen, LU)",1771989071.205743,26.5749,0.2126,24651554.877289556,380312,130000,0,,599616,432,,,86779988,87759953,87556096,326180,1388,
"speedtest.lu.buyvm.net:5201 (Bissen, LU)",1771989071.431724,26.8008,0.2259,22611125.202927675,383088,131000,1000,,599616,432,,,87418468,88401209,88211456,326180,1388,
"speedtest.lu.buyvm.net:5201 (Bissen, LU)",1771989071.668886,27.038,0.2372,22568122.333896644,385864,131000,1000,,599616,432,,,88087484,89073001,88866816,326180,1388,
"speedtest.lu.buyvm.net:5201 (Bissen, LU)",1771989071.928601,27.2977,0.2598,23725140.846231364,388640,131000,1000,,599616,432,,,88857824,89846117,89653248,326180,1388,
"speedtest.lu.buyvm.net:5201 (Bissen, LU)",1771989072.188599,27.5578,0.26,24083869.363777995,391416,131000,1000,,599616,432,,,89640656,90631725,90439680,326180,1388,
"speedtest.lu.buyvm.net:5201 (Bissen, LU)",1771989072.450463,27.8197,0.2619,23955390.2794605,392804,132000,2000,,599616,432,,,90424876,91417333,91226112,326180,1388,
"speedtest.lu.buyvm.net:5201 (Bissen, LU)",1771989072.711314,28.0805,0.2608,24138891.29286768,394192,130000,1000,,599616,432,,,91211872,92205717,92012544,326180,1388,
"speedtest.lu.buyvm.net:5201 (Bissen, LU)",1771989072.974983,28.3441,0.2636,23502961.980937965,395580,131000,1000,,599616,432,,,91986376,92981609,92798976,326180,1388,
"speedtest.lu.buyvm.net:5201 (Bissen, LU)",1771989073.242761,28.6119,0.2678,23512391.775169685,395580,133000,4000,,599616,432,,,92773372,93768605,93585408,326180,1388,
"speedtest.lu.buyvm.net:5201 (Bissen, LU)",1771989073.480819,28.8499,0.238,23696071.298194822,395580,155000,8000,,599616,432,,,93478476,94473709,94240768,326180,1388,
"speedtest.lu.buyvm.net:5201 (Bissen, LU)",1771989073.69121,29.0604,0.2105,12293411.749820627,396968,206000,15000,,599616,432,,,93801880,94798501,94633984,326180,1388,
"speedtest.lu.buyvm.net:5201 (Bissen, LU)",1771989073.906358,29.2715,0.2111,26143019.778874263,396968,136000,4000,,599616,432,,,94491716,95488337,95289344,326180,1388,
"speedtest.lu.buyvm.net:5201 (Bissen, LU)",1771989074.1395562,29.5087,0.2372,20362623.607842375,396968,132000,1000,,599616,432,,,95095496,96092117,95944704,326180,1388,
"speedtest.lu.buyvm.net:5201 (Bissen, LU)",1771989074.3488572,29.718,0.2093,25309476.533032514,396968,130000,1000,,599616,432,,,95757572,96754193,96600064,326180,1388,
"speedtest.lu.buyvm.net:5201 (Bissen, LU)",1771989074.572587,29.9418,0.2238,23966266.318111844,396968,132000,1000,,599616,432,,,96427976,97424597,97255424,326180,1388,
"speedtest.lu.buyvm.net:5201 (Bissen, LU)",1771989074.661986,30.0311,0.0893,21511568.083395448,396968,130000,1000,,599616,432,,,96668100,97664721,97517568,326180,1388,
"speedtest.syd12.au.leaseweb.net:5207 (Sydney, AU)",1771989108.295813,1.1351,1.1351,908246.3044798853,140493,265000,7000,,0,0,,,128872,262181,262144,1073725440,1448,
"speedtest.syd12.au.leaseweb.net:5207 (Sydney, AU)",1771989108.634722,1.4741,0.339,1606139.8077153272,205653,273000,23000,,0,0,,,196928,401189,524288,1073725440,1448,
"speedtest.syd12.au.leaseweb.net:5207 (Sydney, AU)",1771989108.9017,1.741,0.2669,6294287.005141787,331133,306000,37000,,0,0,,,406944,737933,1048576,1073725440,1448,
"speedtest.syd12.au.leaseweb.net:5207 (Sydney, AU)",1771989109.4793012,2.3186,0.5776,11904506.341771934,303816,265000,3000,,141264,99,,,1266416,1711533,1572864,341728,1448,
"speedtest.syd12.au.leaseweb.net:5207 (Sydney, AU)",1771989109.694242,2.5336,0.215,1185472.3242518355,335672,263000,2000,,141264,99,,,1298272,1775245,1966080,341728,1448,
"speedtest.syd12.au.leaseweb.net:5207 (Sydney, AU)",1771989109.9592519,2.7986,0.265,10396277.04047201,355944,262000,1000,,141264,99,,,1642632,2138693,2359296,341728,1448,
"speedtest.syd12.au.leaseweb.net:5207 (Sydney, AU)",1771989110.22243,3.0616,0.2631,10920709.983137162,364632,262000,3000,,141264,99,,,2001736,2506485,2752512,341728,1448,
"speedtest.syd12.au.leaseweb.net:5207 (Sydney, AU)",1771989110.487679,3.327,0.2654,11742828.300694678,374768,261000,1000,,141264,99,,,2391248,2906133,3145728,341728,1448,
"speedtest.syd12.au.leaseweb.net:5207 (Sydney, AU)",1771989110.749393,3.5887,0.2617,11419234.38982551,382008,263000,1000,,141264,99,,,2764832,3286957,3538944,341728,1448,
"speedtest.syd12.au.leaseweb.net:5207 (Sydney, AU)",1771989111.0121899,3.8515,0.2628,11505597.02345617,387800,261000,1000,,141264,99,,,3142760,3670677,3932160,341728,1448,
"speedtest.syd12.au.leaseweb.net:5207 (Sydney, AU)",1771989111.2721221,4.1115,0.26,11807225.218769392,393592,260000,1000,,141264,99,,,3526480,4060189,4325376,341728,1448,
"speedtest.syd12.au.leaseweb.net:5207 (Sydney, AU)",1771989111.533509,4.3729,0.2614,11965120.507969676,397936,265000,4000,,141264,99,,,3917440,4455493,4718592,341728,1448,
"speedtest.syd12.au.leaseweb.net:5207 (Sydney, AU)",1771989111.793016,4.6323,0.2594,11743865.037931163,402280,261000,1000,,141264,99,,,4298264,4840661,5111808,341728,1448,
"speedtest.syd12.au.leaseweb.net:5207 (Sydney, AU)",1771989112.049525,4.8889,0.2565,11920953.190532101,405176,260000,1000,,141264,99,,,4680536,5225829,5505024,341728,1448,
"speedtest.syd12.au.leaseweb.net:5207 (Sydney, AU)",1771989112.309222,5.1485,0.2597,11955965.848352946,408072,262000,1000,,141264,99,,,5068600,5616789,5898240,341728,1448,
"speedtest.syd12.au.leaseweb.net:5207 (Sydney, AU)",1771989112.564178,5.4035,0.255,11767742.254853109,410968,261000,1000,,141264,99,,,5443632,5994717,6291456,341728,1448,
"speedtest.syd12.au.leaseweb.net:5207 (Sydney, AU)",1771989112.851925,5.6912,0.2878,14451157.610694287,412416,262000,2000,,141264,99,,,5963464,6515997,6815744,341728,1448,
"speedtest.syd12.au.leaseweb.net:5207 (Sydney, AU)",1771989113.110006,5.9493,0.258,12300450.751717286,413864,262000,1000,,141264,99,,,6360216,6914197,7208960,341728,1448,
"speedtest.syd12.au.leaseweb.net:5207 (Sydney, AU)",1771989113.373842,6.2131,0.2638,11766705.944834372,415312,267000,5000,,141264,99,,,6748280,7303709,7602176,341728,1448,
"speedtest.syd12.au.leaseweb.net:5207 (Sydney, AU)",1771989113.63293,6.4722,0.2591,12295090.257899988,415312,264000,5000,,141264,99,,,7146480,7701909,7995392,341728,1448,
"speedtest.syd12.au.leaseweb.net:5207 (Sydney, AU)",1771989113.887785,6.727,0.2548,11910224.223541109,415312,264000,7000,,141264,99,,,7525856,8081285,8388608,341728,1448,
"speedtest.syd12.au.leaseweb.net:5207 (Sydney, AU)",1771989114.144995,6.9843,0.2572,12429456.347168053,415312,265000,8000,,141264,99,,,7925504,8480933,8781824,341728,1448,
"speedtest.syd12.au.leaseweb.net:5207 (Sydney, AU)",1771989114.431437,7.2707,0.2864,14679806.371110402,415312,263000,4000,,141264,99,,,8451128,9006557,9306112,341728,1448,
"speedtest.syd12.au.leaseweb.net:5207 (Sydney, AU)",1771989114.689172,7.5284,0.2577,12315992.474403635,416760,263000,3000,,141264,99,,,8847880,9404757,9699328,341728,1448,
"speedtest.syd12.au.leaseweb.net:5207 (Sydney, AU)",1771989114.944843,7.7841,0.2557,11961358.567664314,416760,262000,1000,,141264,99,,,9230152,9787029,10092544,341728,1448,
"speedtest.syd12.au.leaseweb.net:5207 (Sydney, AU)",1771989115.197655,8.0369,0.2528,12187976.890830496,416760,262000,2000,,141264,99,,,9615320,10172197,10485760,341728,1448,
"speedtest.syd12.au.leaseweb.net:5207 (Sydney, AU)",1771989115.452988,8.2922,0.2553,12251436.720027968,416760,261000,1000,,141264,99,,,10006280,10563157,10878976,341728,1448,
"speedtest.syd12.au.leaseweb.net:5207 (Sydney, AU)",1771989115.717654,8.5569,0.2647,12078998.223450597,418208,261000,2000,,141264,99,,,10405928,10964253,11272192,341728,1448,
"speedtest.syd12.au.leaseweb.net:5207 (Sydney, AU)",1771989116.001525,8.8408,0.2839,14401815.934635675,418208,265000,3000,,141264,99,,,10917072,11475397,11796480,341728,1448,
"speedtest.syd12.au.leaseweb.net:5207 (Sydney, AU)",1771989116.263812,9.1031,0.2622,12412379.033214392,419656,266000,6000,,141264,99,,,11323960,11883733,12189696,341728,1448,
"speedtest.syd12.au.leaseweb.net:5207 (Sydney, AU)",1771989116.501813,9.3411,0.238,11728002.593166921,421104,261000,1000,,141264,99,,,11672928,12234149,12582912,341728,1448,
"speedtest.syd12.au.leaseweb.net:5207 (Sydney, AU)",1771989116.759885,9.5991,0.258,12481317.329124164,422552,266000,4000,,141264,99,,,12075472,12638141,12976128,341728,1448,
"speedtest.syd12.au.leaseweb.net:5207 (Sydney, AU)",1771989117.054881,9.8942,0.295,14134528.129746715,425448,262000,2000,,141264,99,,,12596752,13162317,13500416,341728,1448,
"speedtest.syd12.au.leaseweb.net:5207 (Sydney, AU)",1771989117.309042,10.1482,0.2541,11808440.154010978,428344,267000,5000,,141264,99,,,12971784,13540245,13893632,341728,1448,
"speedtest.syd12.au.leaseweb.net:5207 (Sydney, AU)",1771989117.560659,10.3999,0.2517,12841175.217349922,431240,278000,22000,,141264,99,,,13375776,13947133,14286848,341728,1448,
"speedtest.syd12.au.leaseweb.net:5207 (Sydney, AU)",1771989117.8476958,10.6869,0.287,14409667.096942052,437032,261000,1000,,141264,99,,,13892712,14469861,14811136,341728,1448,
"speedtest.syd12.au.leaseweb.net:5207 (Sydney, AU)",1771989118.103759,10.943,0.2561,12576038.74102239,441376,261000,2000,,141264,99,,,14295256,14876749,15204352,341728,1448,
"speedtest.syd12.au.leaseweb.net:5207 (Sydney, AU)",1771989118.3417149,11.1809,0.2379,12902504.065789025,445720,260000,1000,,141264,99,,,14678976,15264813,15597568,341728,1448,
"speedtest.syd12.au.leaseweb.net:5207 (Sydney, AU)",1771989118.6298099,11.469,0.2881,14353275.953746732,454408,262000,1000,,141264,99,,,15195912,15790437,16121856,341728,1448,
"speedtest.syd12.au.leaseweb.net:5207 (Sydney, AU)",1771989118.8703659,11.7096,0.2406,13146082.423564008,460200,261000,0,,141264,99,,,15591216,16191533,16515072,341728,1448,
"speedtest.syd12.au.leaseweb.net:5207 (Sydney, AU)",1771989119.138814,11.978,0.2684,13939472.363975264,468888,262000,3000,,141264,99,,,16058920,16667925,17039360,341728,1448,
"speedtest.syd12.au.leaseweb.net:5207 (Sydney, AU)",1771989119.373188,12.2124,0.2344,13592229.171655135,477576,261000,1000,,141264,99,,,16457120,17074813,17432576,341728,1448,
"speedtest.syd12.au.leaseweb.net:5207 (Sydney, AU)",1771989119.641288,12.4805,0.2681,15124621.750459706,489160,262000,1000,,141264,99,,,16963920,17593197,17956864,341728,1448,
"speedtest.syd12.au.leaseweb.net:5207 (Sydney, AU)",1771989119.903028,12.7422,0.2618,14913623.109383587,500744,262000,1000,,141264,99,,,17451896,18092757,18481152,341728,1448,
"speedtest.syd12.au.leaseweb.net:5207 (Sydney, AU)",1771989120.168472,13.0077,0.2654,15404944.446398988,513776,263000,1000,,141264,99,,,17963040,18616933,19005440,341728,1448,
"speedtest.syd12.au.leaseweb.net:5207 (Sydney, AU)",1771989120.464001,13.3032,0.2956,13913573.054169333,529704,278000,17000,,141264,99,,,18477080,19146901,19529728,341728,1448,
"speedtest.syd12.au.leaseweb.net:5207 (Sydney, AU)",1771989120.781641,13.6208,0.3176,13386160.470862309,547080,295000,21000,,141264,99,,,19008496,19695693,20185088,341728,1448,
"speedtest.syd12.au.leaseweb.net:5207 (Sydney, AU)",1771989121.058309,13.8975,0.2767,18504586.146839097,568800,263000,2000,,141264,99,,,19648512,20357429,20840448,341728,1448,
"speedtest.syd12.au.leaseweb.net:5207 (Sydney, AU)",1771989121.3105211,14.1497,0.2522,15893201.043883849,586176,263000,3000,,141264,99,,,20149520,20875813,21364736,341728,1448,
"speedtest.syd12.au.leaseweb.net:5207 (Sydney, AU)",1771989121.578593,14.4178,0.2681,18360589.35275279,609344,262000,1000,,141264,99,,,20764920,21514381,22020096,341728,1448,
"speedtest.syd12.au.leaseweb.net:5207 (Sydney, AU)",1771989121.801216,14.6404,0.2226,17956973.110250913,628168,265000,4000,,141264,99,,,21264480,22032765,22544384,341728,1448,
"speedtest.syd12.au.leaseweb.net:5207 (Sydney, AU)",1771989122.023495,14.8627,0.2223,21990616.157637887,651336,261000,1000,,141264,99,,,21875536,22666989,23199744,341728,1448,
"speedtest.syd12.au.leaseweb.net:5207 (Sydney, AU)",1771989122.351441,15.1906,0.3279,17804819.268639468,680296,262000,4000,,141264,99,,,22605328,23425741,23986176,341728,1448,
"speedtest.syd12.au.leaseweb.net:5207 (Sydney, AU)",1771989122.6135108,15.4527,0.2621,20731424.06183716,709256,261000,1000,,141264,99,,,23284440,24133813,24772608,341728,1448,
"speedtest.syd12.au.leaseweb.net:5207 (Sydney, AU)",1771989122.851866,15.6909,0.2383,21827569.35849742,735320,267000,7000,,141264,99,,,23934592,24810029,25427968,341728,1448,
"speedtest.syd12.au.leaseweb.net:5207 (Sydney, AU)",1771989123.109591,15.9488,0.2579,22372745.48446942,767176,266000,6000,,141264,99,,,24655696,25562989,26214400,341728,1448,
"speedtest.syd12.au.leaseweb.net:5207 (Sydney, AU)",1771989123.321393,16.1606,0.2118,27625834.014484435,799032,260000,0,,141264,99,,,25386936,26326085,27000832,341728,1448,
"speedtest.syd12.au.leaseweb.net:5207 (Sydney, AU)",1771989123.52412,16.3632,0.2027,29032909.738404863,832336,262000,1000,,141264,99,,,26122520,27094973,27787264,341728,1448,
"speedtest.syd12.au.leaseweb.net:5207 (Sydney, AU)",1771989123.7430232,16.5822,0.2189,21482562.39189752,859848,261000,1000,,141264,99,,,26710408,27710373,28442624,341728,1448,
"speedtest.syd12.au.leaseweb.net:5207 (Sydney, AU)",1771989123.9544609,16.7936,0.2115,22622722.176867697,887360,261000,2000,,141264,99,,,27308432,28335909,29097984,341728,1448,
"speedtest.syd12.au.leaseweb.net:5207 (Sydney, AU)",1771989124.156506,16.9957,0.202,24426036.40233429,913424,261000,1000,,141264,99,,,27925280,28978821,29753344,341728,1448,
"speedtest.syd12.au.leaseweb.net:5207 (Sydney, AU)",1771989124.42661,17.2657,0.2701,27966974.029105805,958312,263000,1000,,141264,99,,,28869376,29967805,30801920,341728,1448,
"speedtest.syd12.au.leaseweb.net:5207 (Sydney, AU)",1771989124.6889238,17.528,0.2623,29190479.479801655,1003200,261000,1000,,141264,99,,,29826504,30969821,31850496,341728,1448,
"speedtest.syd12.au.leaseweb.net:5207 (Sydney, AU)",1771989124.989187,17.8283,0.3003,27698821.170785397,1052432,280000,15000,,141264,99,,,30866168,32058717,32899072,341728,1448,
"speedtest.syd12.au.leaseweb.net:5207 (Sydney, AU)",1771989125.740134,18.5793,0.7509,24943816.139829148,748616,276000,22000,,209320,146,,,33207584,33763789,33554432,747168,1448,
"speedtest.syd12.au.leaseweb.net:5207 (Sydney, AU)",1771989126.019161,18.8582,0.279,9392173.232716296,779024,270000,7000,,209320,146,,,33535104,34523349,35127296,747168,1448,
"speedtest.syd12.au.leaseweb.net:5207 (Sydney, AU)",1771989126.584394,19.4235,0.5653,17969575.9671281,567616,272000,9000,,310736,220,,,34804864,35682757,35389440,550240,1448,
"speedtest.syd12.au.leaseweb.net:5207 (Sydney, AU)",1771989126.790984,19.6301,0.2066,17717571.335295968,579200,274000,13000,,310736,220,,,35262432,36151909,36438016,550240,1448,
"speedtest.syd12.au.leaseweb.net:5207 (Sydney, AU)",1771989127.0692558,19.9084,0.2782,18138587.068497736,593680,262000,1000,,310736,220,,,35893264,36797717,37093376,550240,1448,
"speedtest.syd12.au.leaseweb.net:5207 (Sydney, AU)",1771989127.3098161,20.149,0.2406,16803949.504102573,602368,270000,8000,,310736,220,,,36398616,37311757,37617664,550240,1448,
"speedtest.syd12.au.leaseweb.net:5207 (Sydney, AU)",1771989127.5781708,20.4173,0.2683,19039175.60261215,613952,261000,1000,,310736,220,,,37037184,37961909,38273024,550240,1448,
"speedtest.syd12.au.leaseweb.net:5207 (Sydney, AU)",1771989127.839891,20.679,0.2617,18722796.481934085,622640,262000,0,,310736,220,,,37649688,38583101,38928384,550240,1448,
"speedtest.syd12.au.leaseweb.net:5207 (Sydney, AU)",1771989128.115432,20.9546,0.2756,19547179.28984059,631328,264000,2000,,310736,220,,,38323008,39265109,39583744,550240,1448,
"speedtest.syd12.au.leaseweb.net:5207 (Sydney, AU)",1771989128.376736,21.2158,0.2613,19464933.201546952,638568,261000,2000,,310736,220,,,38958680,39908021,40239104,550240,1448,
"speedtest.syd12.au.leaseweb.net:5207 (Sydney, AU)",1771989128.6355178,21.4746,0.2588,19738689.820833713,644360,262000,4000,,310736,220,,,39597248,40552381,40894464,550240,1448,
"speedtest.syd12.au.leaseweb.net:5207 (Sydney, AU)",1771989128.897742,21.7368,0.2622,19658020.05178124,648704,262000,1000,,310736,220,,,40241608,41201085,41549824,550240,1448,
"speedtest.syd12.au.leaseweb.net:5207 (Sydney, AU)",1771989129.158786,21.9979,0.261,19881682.804138444,653048,262000,1000,,310736,220,,,40890312,41854133,42205184,550240,1448,
"speedtest.syd12.au.leaseweb.net:5207 (Sydney, AU)",1771989129.4192681,22.2584,0.2605,19834302.852381893,657392,260000,1000,,310736,220,,,41536120,42504285,42860544,550240,1448,
"speedtest.syd12.au.leaseweb.net:5207 (Sydney, AU)",1771989129.6786711,22.5177,0.2594,20186488.43794893,660288,260000,1000,,310736,220,,,42190616,43161677,43515904,550240,1448,
"speedtest.syd12.au.leaseweb.net:5207 (Sydney, AU)",1771989129.935235,22.7743,0.2566,19504939.266608987,663184,261000,0,,310736,220,,,42816152,43790109,44171264,550240,1448,
"speedtest.syd12.au.leaseweb.net:5207 (Sydney, AU)",1771989130.1949172,23.034,0.2597,20471438.122410543,664632,260000,0,,310736,220,,,43480784,44456189,44826624,550240,1448,
"speedtest.syd12.au.leaseweb.net:5207 (Sydney, AU)",1771989130.4550242,23.2941,0.2601,20132985.798865803,666080,260000,1000,,310736,220,,,44135280,45112133,45481984,550240,1448,
"speedtest.syd12.au.leaseweb.net:5207 (Sydney, AU)",1771989130.7123368,23.5514,0.2573,20213697.513629116,667528,260000,1000,,310736,220,,,44785432,45763733,46137344,550240,1448,
"speedtest.syd12.au.leaseweb.net:5207 (Sydney, AU)",1771989130.9722502,23.8113,0.2599,20190276.052190997,667528,260000,1000,,310736,220,,,45441376,46419677,46792704,550240,1448,
"speedtest.syd12.au.leaseweb.net:5207 (Sydney, AU)",1771989131.229574,24.0686,0.2573,20259451.803255636,667528,261000,0,,310736,220,,,46092976,47071277,47448064,550240,1448,
"speedtest.syd12.au.leaseweb.net:5207 (Sydney, AU)",1771989131.488328,24.3274,0.2588,20363895.288469188,668976,261000,1000,,310736,220,,,46751816,47731565,48103424,550240,1448,
"speedtest.syd12.au.leaseweb.net:5207 (Sydney, AU)",1771989131.7488,24.5878,0.2604,20241333.13101313,668976,261000,1000,,310736,220,,,47410656,48390405,48758784,550240,1448,
"speedtest.syd12.au.leaseweb.net:5207 (Sydney, AU)",1771989132.041304,24.8804,0.2925,21423899.217392225,668976,261000,1000,,310736,220,,,48194024,49173773,49545216,550240,1448,
"speedtest.syd12.au.leaseweb.net:5207 (Sydney, AU)",1771989132.291915,25.1309,0.2506,20617734.206771795,668976,262000,1000,,310736,220,,,48839832,49819581,50200576,550240,1448,
"speedtest.syd12.au.leaseweb.net:5207 (Sydney, AU)",1771989132.556671,25.3957,0.2648,20299065.447268482,668976,262000,1000,,310736,220,,,49511704,50491453,50855936,550240,1448,
"speedtest.syd12.au.leaseweb.net:5207 (Sydney, AU)",1771989132.807169,25.6462,0.2504,19750927.62666448,668976,261000,1000,,310736,220,,,50130000,51109749,51511296,550240,1448,
"speedtest.syd12.au.leaseweb.net:5207 (Sydney, AU)",1771989133.0679722,25.907,0.2609,20161504.459944457,670424,263000,1000,,310736,220,,,50787392,51768589,52166656,550240,1448,
"speedtest.syd12.au.leaseweb.net:5207 (Sydney, AU)",1771989133.327075,26.1661,0.2591,20166344.6757712,670424,262000,1000,,310736,220,,,51440440,52421637,52822016,550240,1448,
"speedtest.syd12.au.leaseweb.net:5207 (Sydney, AU)",1771989133.585749,26.4248,0.2587,20241723.693190757,671872,261000,0,,310736,220,,,52094936,53077581,53477376,550240,1448,
"speedtest.syd12.au.leaseweb.net:5207 (Sydney, AU)",1771989133.8678029,26.7068,0.2821,22258383.63358034,673320,261000,1000,,310736,220,,,52879752,53863845,54263808,550240,1448,
"speedtest.syd12.au.leaseweb.net:5207 (Sydney, AU)",1771989134.126244,26.9652,0.2584,20351735.221226312,674768,262000,1000,,310736,220,,,53537144,54522685,54919168,550240,1448,
"speedtest.syd12.au.leaseweb.net:5207 (Sydney, AU)",1771989134.388563,27.2275,0.2623,20050255.264984973,676216,263000,2000,,310736,220,,,54194536,55181525,55574528,550240,1448,
"speedtest.syd12.au.leaseweb.net:5207 (Sydney, AU)",1771989134.647101,27.4861,0.2586,20383695.432686895,679112,262000,1000,,310736,220,,,54853376,55843261,56229888,550240,1448,
"speedtest.syd12.au.leaseweb.net:5207 (Sydney, AU)",1771989134.904613,27.7436,0.2575,19479316.31661401,682008,262000,3000,,310736,220,,,55480360,56473141,56885248,550240,1448,
"speedtest.syd12.au.leaseweb.net:5207 (Sydney, AU)",1771989135.191498,28.0305,0.2869,22210066.35100632,686352,263000,1000,,310736,220,,,56276760,57273885,57671680,550240,1448,
"speedtest.syd12.au.leaseweb.net:5207 (Sydney, AU)",1771989135.447209,28.2862,0.2557,20386367.098944794,690696,261000,1000,,310736,220,,,56928360,57929829,58327040,550240,1448,
"speedtest.syd12.au.leaseweb.net:5207 (Sydney, AU)",1771989135.7020218,28.541,0.2548,20684344.396156315,696488,260000,0,,310736,220,,,57587200,58594461,58982400,550240,1448,
"speedtest.syd12.au.leaseweb.net:5207 (Sydney, AU)",1771989135.954008,28.793,0.252,20227563.506677542,702280,262000,4000,,310736,220,,,58224320,59237373,59637760,550240,1448,
"speedtest.syd12.au.leaseweb.net:5207 (Sydney, AU)",1771989136.2303271,29.0693,0.2763,22344148.60161302,709520,263000,1000,,310736,220,,,58996104,60016397,60424192,550240,1448,
"speedtest.syd12.au.leaseweb.net:5207 (Sydney, AU)",1771989136.479912,29.319,0.2497,20740305.48326295,716760,261000,1000,,310736,220,,,59643360,60670893,61079552,550240,1448,
"speedtest.syd12.au.leaseweb.net:5207 (Sydney, AU)",1771989136.749452,29.5885,0.2695,22650603.485447608,726896,261000,1000,,310736,220,,,60406456,61444125,61865984,550240,1448,
"speedtest.syd12.au.leaseweb.net:5207 (Sydney, AU)",1771989137.024601,29.8635,0.2751,22109596.10959484,737032,263000,3000,,310736,220,,,61166656,62214461,62652416,550240,1448,
"speedtest.syd12.au.leaseweb.net:5207 (Sydney, AU)",1771989137.165621,30.0046,0.1411,35144086.466248505,745720,276000,9000,,310736,220,,,61786400,62842893,63307776,550240,1448,
"37.19.203.1:5201 (Sofia, BG)",1771989139.10625,0.4216,0.4216,1923521.0151325208,115877,141000,4000,,0,0,,,101360,217237,262144,1073725440,1448,
"37.19.203.1:5201 (Sofia, BG)",1771989139.3773272,0.6926,0.2711,4829231.60831405,279501,144000,1000,,0,0,,,264984,544485,786432,1073725440,1448,
"37.19.203.1:5201 (Sofia, BG)",1771989139.644321,0.9597,0.267,19868101.988578994,912277,154000,19000,,0,0,,,928168,1840445,2752512,1073725440,1448,
"37.19.203.1:5201 (Sofia, BG)",1771989139.846829,1.1621,0.2025,55149997.570538014,2069229,146000,2000,,0,0,,,2324040,4393269,5898240,1073725440,1448,
"37.19.203.1:5201 (Sofia, BG)",1771989149.556839,10.8718,9.7097,4011721.5542660523,2896,135000,1000,,101360,70,,,7193112,7297405,7208960,1840408,1448,
"37.19.203.1:5201 (Sofia, BG)",1771989149.959987,11.2752,0.4034,402050.37950473774,23168,135000,0,,101360,70,,,7213384,7337949,9043968,1840408,1448,
"37.19.203.1:5201 (Sofia, BG)",1771989150.375285,11.6904,0.4153,2594362.8907251004,150592,138000,2000,,101360,70,,,7348048,7600037,9175040,1840408,1448,
"37.19.203.1:5201 (Sofia, BG)",1771989150.663811,11.979,0.2886,7185212.953659683,409784,151000,5000,,101360,70,,,7607240,8118421,9437184,1840408,1448,
"37.19.203.1:5201 (Sofia, BG)",1771989150.866394,12.1815,0.2025,28032092.52791598,1119304,183000,4000,,101360,70,,,8316760,9537461,10485760,1840408,1448,
"37.19.203.1:5201 (Sofia, BG)",1771989151.083263,12.3984,0.2169,45454104.90374884,1846200,192000,5000,,101360,70,,,9549008,11496605,13238272,1840408,1448,
"37.19.203.1:5201 (Sofia, BG)",1771989151.287776,12.6029,0.2045,19597282.574965656,1854888,358000,29000,,101360,70,,,10050016,12006301,13762560,1840408,1448,
"37.19.203.1:5201 (Sofia, BG)",1771989151.5912828,12.9064,0.3035,15954744.2934692,1869368,510000,119000,,101360,70,,,10655280,12626045,14417920,1840408,1448,
"37.19.203.1:5201 (Sofia, BG)",1771989151.8120708,13.1272,0.2208,80746904.66870855,1920048,215000,7000,,101360,70,,,12883752,14905197,16777216,1840408,1448,
"37.19.203.1:5201 (Sofia, BG)",1771989152.024713,13.3398,0.2127,24567609.29624689,1931632,325000,71000,,101360,70,,,13536800,15569829,17432576,1840408,1448,
"37.19.203.1:5201 (Sofia, BG)",1771989152.255146,13.5703,0.2304,70985919.13656145,1964936,303000,46000,,101360,70,,,15581376,17647709,19398656,1840408,1448,
"37.19.203.1:5201 (Sofia, BG)",1771989152.536631,13.8518,0.2815,59340279.553119875,1996792,242000,49000,,101360,70,,,17669392,19767581,21757952,1840408,1448,
"37.19.203.1:5201 (Sofia, BG)",1771989152.750543,14.0657,0.2139,58059235.761665925,2015616,307000,9000,,101360,70,,,19221648,21338661,23330816,1840408,1448,
"37.19.203.1:5201 (Sofia, BG)",1771989152.952132,14.2672,0.2016,70569145.83017868,2035888,230000,22000,,101360,70,,,20999792,23137077,25165824,1840408,1448,
"37.19.203.1:5201 (Sofia, BG)",1771989153.1664,14.4815,0.2143,58763497.5832652,2053264,319000,7000,,101360,70,,,22573768,24728429,26738688,1840408,1448,
"37.19.203.1:5201 (Sofia, BG)",1771989153.374828,14.6899,0.2084,69916034.85694118,2072088,226000,5000,,101360,70,,,24395352,26568837,28573696,1840408,1448,
"37.19.203.1:5201 (Sofia, BG)",1771989153.578141,14.8932,0.2033,54017058.68077172,2085120,247000,19000,,101360,70,,,25768056,27954573,29884416,1840408,1448,
"37.19.203.1:5201 (Sofia, BG)",1771989153.781743,15.0969,0.2036,95807044.54556528,2102496,190000,11000,,101360,70,,,28206488,30410381,32374784,1840408,1448,
"37.19.203.1:5201 (Sofia, BG)",1771989153.985749,15.3008,0.204,117773457.4373765,2118424,140000,4000,,101360,70,,,31209640,33429461,35389440,1840408,1448,
"37.19.203.1:5201 (Sofia, BG)",1771989154.1906822,15.5058,0.2049,117753566.10740526,2131456,138000,1000,,101360,70,,,34225824,36458677,38404096,1840408,1448,
"37.19.203.1:5201 (Sofia, BG)",1771989154.399754,15.7149,0.2091,119887614.7611498,2143040,149000,7000,,101360,70,,,37359296,39603733,41549824,1840408,1448,
"37.19.203.1:5201 (Sofia, BG)",1771989154.615335,15.9304,0.2156,98494704.73420943,2151728,159000,9000,,101360,70,,,40013480,42266605,44171264,1840408,1448,
"195.181.162.195:5201 (Miami, US)",1771989165.588429,0.2095,0.2095,5087635.526708885,147733,53000,1000,,0,0,,,133216,280949,393216,1073725440,1448,
"195.181.162.195:5201 (Miami, US)",1771989168.326777,2.9479,2.7384,7081306.237834913,110224,51000,2000,,72400,50,,,2557168,2739829,2752512,613952,1448,
"195.181.162.195:5201 (Miami, US)",1771989169.111713,3.7328,0.7849,5492116.714613039,85432,72000,10000,,75296,52,,,3096000,3256765,3276800,76744,1448,
"195.181.162.195:5201 (Miami, US)",1771989169.33229,3.9534,0.2206,9189386.04486299,88328,84000,14000,,75296,52,,,3349400,3513061,3538944,76744,1448,
"195.181.162.195:5201 (Miami, US)",1771989169.5603771,4.1814,0.228,9296562.915402148,89776,63000,12000,,75296,52,,,3614384,3779493,3801088,76744,1448,
"195.181.162.195:5201 (Miami, US)",1771989169.804963,4.426,0.2446,12456272.557342593,92672,52000,3000,,75296,52,,,3995208,4163213,4194304,76744,1448,
"195.181.162.195:5201 (Miami, US)",1771989170.0640728,4.6851,0.2591,12025922.888021633,98464,51000,1000,,75296,52,,,4384720,4558517,4587520,76744,1448,
"195.181.162.195:5201 (Miami, US)",1771989170.3179,4.939,0.2539,15925791.809490277,105704,51000,1000,,75296,52,,,4890072,5071109,5111808,76744,1448,
"195.181.162.195:5201 (Miami, US)",1771989170.568583,5.1897,0.2507,16449002.228928156,111496,51000,2000,,75296,52,,,5405560,5592389,5636096,76744,1448,
"195.181.162.195:5201 (Miami, US)",1771989170.7916758,5.4127,0.2231,17759729.650404368,118736,51000,1000,,75296,52,,,5900776,6094845,6160384,76744,1448,
"195.181.162.195:5201 (Miami, US)",1771989171.0036979,5.6248,0.212,19504070.98450121,124528,51000,0,,75296,52,,,6417712,6617573,6684672,76744,1448,
"195.181.162.195:5201 (Miami, US)",1771989171.2136588,5.8348,0.21,19859980.153963663,130320,51000,1000,,75296,52,,,6938992,7144645,7208960,76744,1448,
"195.181.162.195:5201 (Miami, US)",1771989171.453212,6.0743,0.2395,21520040.37708513,137560,51000,1000,,75296,52,,,7583352,7796245,7864320,76744,1448,
"195.181.162.195:5201 (Miami, US)",1771989171.684739,6.3057,0.2315,22272022.45861163,143352,50000,1000,,75296,52,,,8227712,8446397,8519680,76744,1448,
"195.181.162.195:5201 (Miami, US)",1771989171.905934,6.527,0.2212,22724094.759638816,150592,50000,0,,75296,52,,,8856144,9082069,9175040,76744,1448,
"195.181.162.195:5201 (Miami, US)",1771989172.129876,6.7509,0.2239,23538007.96500863,156384,50000,0,,75296,52,,,9514984,9746701,9830400,76744,1448,
"195.181.162.195:5201 (Miami, US)",1771989172.3371892,6.9582,0.2073,24977379.236711178,162176,50000,1000,,75296,52,,,10162240,10399749,10485760,76744,1448,
"195.181.162.195:5201 (Miami, US)",1771989172.56306,7.1841,0.2259,27183979.936102934,169416,51000,1000,,75296,52,,,10929680,11174429,11272192,76744,1448,
"195.181.162.195:5201 (Miami, US)",1771989172.799608,7.4206,0.2366,25461869.62784854,175208,51000,1000,,75296,52,,,11682640,11933181,12058624,76744,1448,
"195.181.162.195:5201 (Miami, US)",1771989173.016557,7.6376,0.217,29522517.26776712,182448,50000,0,,75296,52,,,12483384,12741165,12845056,76744,1448,
"195.181.162.195:5201 (Miami, US)",1771989173.224871,7.8459,0.2083,29146301.316207998,188240,51000,1000,,75296,52,,,13242136,13505709,13631488,76744,1448,
"195.181.162.195:5201 (Miami, US)",1771989173.443373,8.0644,0.2185,28627137.697177604,194032,50000,1000,,75296,52,,,14024056,14293421,14417920,76744,1448,
"195.181.162.195:5201 (Miami, US)",1771989173.677003,8.298,0.2336,30697100.30904097,199824,50000,0,,75296,52,,,14920368,15195525,15335424,76744,1448,
"195.181.162.195:5201 (Miami, US)",1771989173.879219,8.5002,0.2022,31393458.48246985,205616,50000,0,,75296,52,,,15713872,15994821,16121856,76744,1448,
"195.181.162.195:5201 (Miami, US)",1771989174.096982,8.718,0.2178,32496510.702552952,211408,51000,1000,,75296,52,,,16598600,16885341,17039360,76744,1448,
"195.181.162.195:5201 (Miami, US)",1771989174.318754,8.9397,0.2217,32862059.336983047,218648,50000,0,,75296,52,,,17509392,17803373,17956864,76744,1448,
"195.181.162.195:5201 (Miami, US)",1771989174.5436149,9.1646,0.2249,36268287.513897166,224440,50000,1000,,75296,52,,,18528784,18828557,19005440,76744,1448,
"195.181.162.195:5201 (Miami, US)",1771989174.7538712,9.3748,0.2102,35271853.378555916,230232,51000,1000,,75296,52,,,19455504,19761069,19922944,76744,1448,
"195.181.162.195:5201 (Miami, US)",1771989174.956746,9.5778,0.203,34981110.52949484,236024,51000,0,,75296,52,,,20343128,20654485,20840448,76744,1448,
"195.181.162.195:5201 (Miami, US)",1771989175.174112,9.7951,0.2173,38644226.502786145,243264,50000,1000,,75296,52,,,21392928,21711525,21889024,76744,1448,
"195.181.162.195:5201 (Miami, US)",1771989175.3849459,10.0059,0.2108,39062878.56688334,249056,50000,0,,75296,52,,,22422456,22746845,22937600,76744,1448,
"195.181.162.195:5201 (Miami, US)",1771989175.594369,10.2154,0.2094,38884540.19674791,254848,54000,2000,,75296,52,,,23440400,23770581,23986176,76744,1448,
"195.181.162.195:5201 (Miami, US)",1771989175.806081,10.4271,0.2117,39617894.11253584,260640,52000,1000,,75296,52,,,24488752,24824725,25034752,76744,1448,
"195.181.162.195:5201 (Miami, US)",1771989176.010992,10.632,0.2049,40813297.624217704,266432,50000,0,,75296,52,,,25534208,25875973,26083328,76744,1448,
"195.181.162.195:5201 (Miami, US)",1771989176.214185,10.8352,0.2032,41043405.254319645,272224,50000,0,,75296,52,,,26576768,26924325,27131904,76744,1448,
"195.181.162.195:5201 (Miami, US)",1771989176.430628,11.0516,0.2164,43253517.71190281,278016,52000,1000,,75296,52,,,27746752,28100101,28311552,76744,1448,
"195.181.162.195:5201 (Miami, US)",1771989176.638748,11.2597,0.2081,44193824.03960882,283808,51000,1000,,75296,52,,,28896464,29255605,29491200,76744,1448,
"195.181.162.195:5201 (Miami, US)",1771989176.862588,11.4835,0.2238,32559925.100050762,288152,98000,10000,,75296,52,,,29807256,30170741,30408704,76744,1448,
"195.181.162.195:5201 (Miami, US)",1771989177.138592,11.7596,0.2761,14434080.528993044,291048,142000,21000,,75296,52,,,30305368,30671749,30932992,76744,1448,
"195.181.162.195:5201 (Miami, US)",1771989177.487427,12.1084,0.3488,6010949.242267291,292496,379000,30000,,75296,52,,,30567456,30935285,31195136,76744,1448,
"195.181.162.195:5201 (Miami, US)",1771989177.709861,12.3308,0.2224,20052688.93481645,295392,104000,4000,,75296,52,,,31124936,31495661,31719424,76744,1448,
"195.181.162.195:5201 (Miami, US)",1771989177.913301,12.5342,0.2034,28470433.11199447,298288,70000,4000,,75296,52,,,31848936,32222557,32505856,76744,1448,
"195.181.162.195:5201 (Miami, US)",1771989178.117305,12.7382,0.204,36964738.376232006,302632,59000,5000,,75296,52,,,32791584,33169549,33423360,76744,1448,
"195.181.162.195:5201 (Miami, US)",1771989178.3185012,12.9394,0.2012,45948708.56614599,308424,50000,0,,75296,52,,,33947088,34330845,34603008,76744,1448,
"195.181.162.195:5201 (Miami, US)",1771989178.531778,13.1527,0.2133,48882421.11529553,314216,51000,1000,,75296,52,,,35250288,35639837,35913728,76744,1448,
"195.181.162.195:5201 (Miami, US)",1771989178.747071,13.368,0.2153,48903534.08600119,320008,51000,1000,,75296,52,,,36566520,36961861,37224448,76744,1448,
"195.181.162.195:5201 (Miami, US)",1771989178.947288,13.5683,0.2002,50563026.685390644,333040,52000,1000,,75296,52,,,37832072,38240445,38535168,76744,1448,
"195.181.162.195:5201 (Miami, US)",1771989180.13022,14.7511,1.1828,8329509.1418454135,2896,52000,2000,,105704,73,,,39063616,39172253,39190528,238920,1448,
"195.181.162.195:5201 (Miami, US)",1771989180.444321,15.0653,0.3142,3392013.6269031884,136112,52000,1000,,105704,73,,,39196832,39438685,39452672,238920,1448,
"195.181.162.195:5201 (Miami, US)",1771989180.6573539,15.2783,0.213,29693407.305152904,247608,50000,0,,105704,73,,,39987440,40340789,40501248,238920,1448,
"195.181.162.195:5201 (Miami, US)",1771989180.8651168,15.486,0.2078,40088342.360778086,259192,50000,0,,105704,73,,,41028552,41393485,41549824,238920,1448,
"195.181.162.195:5201 (Miami, US)",1771989181.065483,15.6864,0.2003,41051735.70542701,267880,51000,1000,,105704,73,,,42056632,42430253,42598400,238920,1448,
"195.181.162.195:5201 (Miami, US)",1771989181.289509,15.9104,0.2241,36966747.69486534,276568,66000,10000,,105704,73,,,43091952,43474261,43646976,238920,1448,
"195.181.162.195:5201 (Miami, US)",1771989181.501075,16.122,0.2116,43583959.42607264,285256,50000,1000,,105704,73,,,44244560,44635557,44826624,238920,1448,
"195.181.162.195:5201 (Miami, US)",1771989181.705777,16.3267,0.2047,45733279.311203495,292496,50000,1000,,105704,73,,,45414544,45812781,46006272,238920,1448,
"195.181.162.195:5201 (Miami, US)",1771989181.929769,16.5507,0.224,45558412.7421929,299736,53000,1000,,105704,73,,,46690232,47095709,47316992,238920,1448,
"195.181.162.195:5201 (Miami, US)",1771989182.13099,16.7519,0.2012,46692672.11983355,305528,49000,0,,105704,73,,,47864560,48275829,48496640,238920,1448,
"195.181.162.195:5201 (Miami, US)",1771989182.341305,16.9622,0.2103,49620744.59212463,311320,49000,0,,105704,73,,,49169208,49586269,49807360,238920,1448,
"195.181.162.195:5201 (Miami, US)",1771989182.5503,17.1712,0.2089,49951276.97077197,315664,49000,0,,105704,73,,,50473856,50895261,51118080,238920,1448,
"195.181.162.195:5201 (Miami, US)",1771989182.752007,17.3729,0.2017,51280108.78986575,320008,51000,1000,,105704,73,,,51766920,52192669,52428800,238920,1448,
"195.181.162.195:5201 (Miami, US)",1771989182.966617,17.5875,0.2146,48732301.669329025,324352,50000,0,,105704,73,,,53074464,53504557,53739520,238920,1448,
"195.181.162.195:5201 (Miami, US)",1771989183.187268,17.8082,0.2207,52232744.20839241,327248,50000,0,,105704,73,,,54515224,54948213,55181312,238920,1448,
"195.181.162.195:5201 (Miami, US)",1771989183.3897731,18.0107,0.2025,51954399.06801835,330144,51000,1000,,105704,73,,,55830008,56265893,56492032,238920,1448,
"195.181.162.195:5201 (Miami, US)",1771989183.6068501,18.2277,0.2171,47544251.92982073,333040,51000,0,,105704,73,,,57120176,57558957,57802752,238920,1448,
"195.181.162.195:5201 (Miami, US)",1771989183.80799,18.4289,0.2011,51605640.408090204,335936,52000,2000,,105704,73,,,58417584,58859261,59113472,238920,1448,
"195.181.162.195:5201 (Miami, US)",1771989184.016161,18.6371,0.2082,50300040.2340008,337384,49000,0,,105704,73,,,59726576,60169701,60424192,238920,1448,
"195.181.162.195:5201 (Miami, US)",1771989184.216639,18.8375,0.2004,52539854.71718864,338832,50000,1000,,105704,73,,,61042808,61487381,61734912,238920,1448,
"195.181.162.195:5201 (Miami, US)",1771989184.429302,19.0502,0.2127,53805223.21817921,340280,51000,0,,105704,73,,,62473432,62919453,63176704,238920,1448,
"195.181.162.195:5201 (Miami, US)",1771989184.641769,19.2627,0.2125,53922095.597104855,340280,50000,0,,105704,73,,,63905504,64351525,64618496,238920,1448,
"195.181.162.195:5201 (Miami, US)",1771989184.846375,19.4672,0.2046,51297296.02393253,341728,50000,1000,,105704,73,,,65217392,65664861,65929216,238920,1448,
"195.181.162.195:5201 (Miami, US)",1771989185.072952,19.6938,0.2265,51134542.14231015,341728,59000,6000,,105704,73,,,66665392,67112861,67371008,238920,1448,
"195.181.162.195:5201 (Miami, US)",1771989186.941072,21.5612,1.8674,5298397.807425151,2896,52000,2000,,150592,104,,,67902176,68055701,68026368,238920,1448,
"195.181.162.195:5201 (Miami, US)",1771989187.257334,21.8781,0.3169,3289477.4724900676,133216,53000,2000,,150592,104,,,68032496,68316341,68288512,238920,1448,
"195.181.162.195:5201 (Miami, US)",1771989187.4581451,22.079,0.2009,31487323.84959757,251952,50000,0,,150592,104,,,68823104,69225685,69337088,238920,1448,
"195.181.162.195:5201 (Miami, US)",1771989187.6773918,22.2982,0.2192,41589527.095259406,262088,50000,1000,,150592,104,,,69962680,70375397,70516736,238920,1448,
"195.181.162.195:5201 (Miami, US)",1771989187.880727,22.5015,0.2033,40847022.27061239,270776,50000,0,,150592,104,,,71000896,71422301,71565312,238920,1448,
"195.181.162.195:5201 (Miami, US)",1771989188.104419,22.7252,0.2237,41952241.063084155,280912,51000,1000,,150592,104,,,72173776,72605317,72744960,238920,1448,
"195.181.162.195:5201 (Miami, US)",1771989188.315466,22.9362,0.211,44079248.75067017,288152,50000,1000,,150592,104,,,73336520,73775301,73924608,238920,1448,
"195.181.162.195:5201 (Miami, US)",1771989188.517847,23.1386,0.2024,46188895.62801006,295392,50000,0,,150592,104,,,74505056,74951077,75104256,238920,1448,
"195.181.162.195:5201 (Miami, US)",1771989188.740095,23.3609,0.2222,47379673.185794465,302632,53000,2000,,150592,104,,,75821288,76274549,76414976,238920,1448,
"195.181.162.195:5201 (Miami, US)",1771989188.955793,23.5766,0.2157,46881021.038831666,308424,49000,0,,150592,104,,,77085392,77544445,77725696,238920,1448,
"195.181.162.195:5201 (Miami, US)",1771989189.171228,23.7921,0.2155,48439751.19435007,314216,50000,1000,,150592,104,,,78390040,78854885,79036416,238920,1448,
"195.181.162.195:5201 (Miami, US)",1771989189.3798249,24.0007,0.2086,49644068.11558345,318560,50000,1000,,150592,104,,,79684552,80153741,80347136,238920,1448,
"195.181.162.195:5201 (Miami, US)",1771989189.586765,24.2076,0.2069,50940642.21122546,322904,50000,1000,,150592,104,,,81002232,81475765,81657856,238920,1448,
"195.181.162.195:5201 (Miami, US)",1771989189.794089,24.4149,0.2073,48723321.60767573,325800,53000,1000,,150592,104,,,82264888,82741317,82968576,238920,1448,
"195.181.162.195:5201 (Miami, US)",1771989190.007024,24.6278,0.2129,49234314.54409686,328696,55000,2000,,150592,104,,,83575328,84054653,84279296,238920,1448,
"195.181.162.195:5201 (Miami, US)",1771989190.2440279,24.8648,0.237,13098999.485565446,331592,168000,38000,,150592,104,,,83963392,84445613,84672512,238920,1448,
"195.181.162.195:5201 (Miami, US)",1771989190.4546392,25.0754,0.2105,6658232.880646602,333040,288000,54000,,150592,104,,,84138600,84622269,84803584,238920,1448,
"195.181.162.195:5201 (Miami, US)",1771989190.671941,25.2927,0.2173,18868315.886748213,335936,159000,21000,,150592,104,,,84651192,85137757,85327872,238920,1448,
"195.181.162.195:5201 (Miami, US)",1771989190.918654,25.5395,0.2468,19340547.20281815,337384,173000,8000,,150592,104,,,85247768,85735781,85983232,238920,1448,
"195.181.162.195:5201 (Miami, US)",1771989191.1333928,25.7542,0.2147,19850949.492675945,338832,114000,39000,,150592,104,,,85780632,86270093,86507520,238920,1448,
"195.181.162.195:5201 (Miami, US)",1771989191.36551,25.9863,0.232,17422301.340426713,340280,143000,16000,,150592,104,,,86285984,86776893,87031808,238920,1448,
"195.181.162.195:5201 (Miami, US)",1771989191.58638,26.2072,0.2209,19140686.070197497,340280,102000,14000,,150592,104,,,86814504,87305413,87556096,238920,1448,
"195.181.162.195:5201 (Miami, US)",1771989191.8853881,26.5062,0.299,17510568.934166115,341728,171000,18000,,150592,104,,,87469000,87961357,88211456,238920,1448,
"195.181.162.195:5201 (Miami, US)",1771989192.1076438,26.7284,0.2222,18141558.766059358,341728,129000,30000,,150592,104,,,87972904,88465261,88735744,238920,1448,
"195.181.162.195:5201 (Miami, US)",1771989192.3243148,26.945,0.2166,21123434.241088446,341728,124000,5000,,150592,104,,,88544864,89037221,89260032,238920,1448,
"195.181.162.195:5201 (Miami, US)",1771989192.5302,27.151,0.206,29695371.71683986,341728,81000,11000,,150592,104,,,89309408,89801765,90046464,238920,1448,
"195.181.162.195:5201 (Miami, US)",1771989192.7432792,27.364,0.2131,38821190.732018575,341728,65000,4000,,150592,104,,,90343280,90835637,91095040,238920,1448,
"195.181.162.195:5201 (Miami, US)",1771989192.947243,27.5676,0.2036,45856666.97421902,341728,51000,1000,,150592,104,,,91510368,92002725,92274688,238920,1448,
"195.181.162.195:5201 (Miami, US)",1771989193.160015,27.7806,0.213,54222415.72768491,341728,50000,1000,,150592,104,,,92954024,93446381,93716480,238920,1448,
"195.181.162.195:5201 (Miami, US)",1771989193.3791611,27.9999,0.2193,52717583.015912,343176,49000,0,,150592,104,,,94399128,94892933,95158272,238920,1448,
"195.181.162.195:5201 (Miami, US)",1771989193.5888572,28.2096,0.2097,54971726.79005906,343176,49000,0,,150592,104,,,95839888,96333693,96600064,238920,1448,
"195.181.162.195:5201 (Miami, US)",1771989193.8044171,28.4252,0.2156,53298347.44440305,343176,55000,2000,,150592,104,,,97276304,97770109,98041856,238920,1448,
"195.181.162.195:5201 (Miami, US)",1771989194.013952,28.6347,0.2095,54845753.69571334,343176,49000,0,,150592,104,,,98712720,99206525,99483648,238920,1448,
"195.181.162.195:5201 (Miami, US)",1771989194.226857,28.8476,0.2129,54410042.177910134,346072,50000,1000,,150592,104,,,100160720,100657421,100925440,238920,1448,
"195.181.162.195:5201 (Miami, US)",1771989194.4349709,29.0557,0.2081,55440585.40863891,351864,50000,0,,150592,104,,,101602928,102105421,102367232,238920,1448,
"195.181.162.195:5201 (Miami, US)",1771989194.64226,29.263,0.2073,55383832.899390005,357656,51000,1000,,150592,104,,,103037896,103546181,103809024,238920,1448,
"195.181.162.195:5201 (Miami, US)",1771989194.854377,29.4751,0.2121,54668827.38414193,363448,50000,0,,150592,104,,,104487344,105001421,105250816,238920,1448,
"195.181.162.195:5201 (Miami, US)",1771989195.0556328,29.6764,0.2013,57669136.36962258,369240,50000,1000,,150592,104,,,105938240,106458109,106692608,238920,1448,
"195.181.162.195:5201 (Miami, US)",1771989195.256452,29.8772,0.2008,56765637.862138346,375032,50000,1000,,150592,104,,,107363072,107888733,108134400,238920,1448,
"195.181.162.195:5201 (Miami, US)",1771989195.382657,30.0034,0.1262,58288606.58999,379376,50000,0,,150592,104,,,108282552,108812557,109051904,238920,1448,
"speedtest.awbb.net:5202 (Amarillo, US)",1771989196.024092,0.2026,0.2026,8290448.006602277,223029,44000,3000,,0,0,,,209960,432989,655360,1073725440,1448,
"speedtest.awbb.net:5202 (Amarillo, US)",1771989196.225603,0.4041,0.2015,32818815.15708357,938341,86000,17000,,0,0,,,1036768,1975109,2883584,1073725440,1448,
"speedtest.awbb.net:5202 (Amarillo, US)",1771989196.4307368,0.6092,0.2051,11296829.894774536,1185949,193000,74000,,0,0,,,1326368,2512317,3145728,1073725440,1448,
"speedtest.awbb.net:5202 (Amarillo, US)",1771989196.65922,0.8377,0.2285,16730558.480015447,1578357,382000,55000,,0,0,,,1804208,3382565,4063232,1073725440,1448,
"speedtest.awbb.net:5202 (Amarillo, US)",1771989197.402774,1.5811,0.7434,15550804.206569716,1285824,804000,22000,,0,0,,,3249312,4325413,4325376,1143920,1448,
"speedtest.awbb.net:5202 (Amarillo, US)",1771989197.6059,1.7844,0.2032,31860208.73129745,1377048,314000,12000,,0,0,,,4058744,5435133,6815744,1143920,1448,
"speedtest.awbb.net:5202 (Amarillo, US)",1771989197.813778,1.9922,0.2078,56375371.21752573,1511712,194000,41000,,0,0,,,5523424,7035173,8519680,1143920,1448,
"speedtest.awbb.net:5202 (Amarillo, US)",1771989198.063099,2.2416,0.2494,74887816.10369532,1624656,131000,16000,,0,0,,,7857600,9482293,11141120,1143920,1448,
"speedtest.awbb.net:5202 (Amarillo, US)",1771989198.272864,2.4513,0.2097,141888772.65253097,1148264,77000,1000,,11584,8,,,11577512,12725605,12713984,1141024,1448,
"speedtest.awbb.net:5202 (Amarillo, US)",1771989198.498333,2.6768,0.2255,117885907.45635569,1178672,77000,12000,,11584,8,,,14900464,16090757,17432576,1141024,1448,
"speedtest.awbb.net:5202 (Amarillo, US)",1771989198.730203,2.9087,0.2319,160589176.48733637,603816,39000,1000,,110048,77,,,19554928,20268701,20185088,593680,1448,
"speedtest.awbb.net:5202 (Amarillo, US)",1771989198.930256,3.1087,0.2,115290854.26998709,615400,39000,1000,,110048,77,,,22437768,23163253,23724032,593680,1448,
"speedtest.awbb.net:5202 (Amarillo, US)",1771989199.1358862,3.3143,0.2056,122379712.71884337,626984,40000,1000,,110048,77,,,25582824,26319893,26869760,593680,1448,
"speedtest.awbb.net:5202 (Amarillo, US)",1771989199.3425732,3.521,0.2067,124293283.72604583,637120,39000,1000,,110048,77,,,28794488,29541693,30146560,593680,1448,
"speedtest.awbb.net:5202 (Amarillo, US)",1771989199.555341,3.7338,0.2128,118259107.60184744,645808,39000,2000,,110048,77,,,31939544,32695437,33292288,593680,1448,
"speedtest.awbb.net:5202 (Amarillo, US)",1771989199.837535,4.016,0.2822,99292146.9168388,459016,43000,6000,,366344,254,,,35442256,36149037,35782656,457568,1448,
"speedtest.awbb.net:5202 (Amarillo, US)",1771989200.0423439,4.2208,0.2048,87896193.69450805,469152,39000,0,,366344,254,,,37692448,38527981,38666240,457568,1448,
"speedtest.awbb.net:5202 (Amarillo, US)",1771989200.244651,4.4231,0.2023,93447849.84814602,477840,38000,0,,366344,254,,,40055584,40899805,41025536,457568,1448,
"speedtest.awbb.net:5202 (Amarillo, US)",1771989200.445761,4.6242,0.2011,97486318.26517482,486528,39000,0,,366344,254,,,42505600,43358509,43515904,457568,1448,
"speedtest.awbb.net:5202 (Amarillo, US)",1771989200.6497831,4.8282,0.204,97658109.18461595,495216,38000,0,,366344,254,,,44996160,45857757,46006272,457568,1448,
"speedtest.awbb.net:5202 (Amarillo, US)",1771989200.8521972,5.0305,0.2023,92459904.88043462,502456,41000,0,,366344,254,,,47334680,48203517,48365568,457568,1448,
"speedtest.awbb.net:5202 (Amarillo, US)",1771989201.054998,5.2334,0.2028,91956585.52968971,509696,42000,2000,,366344,254,,,49665960,50542037,50724864,457568,1448,
"speedtest.awbb.net:5202 (Amarillo, US)",1771989201.306153,5.4846,0.2513,91421042.23819494,362000,39000,1000,,377928,262,,,52537344,53276765,52953088,360552,1448,
"speedtest.awbb.net:5202 (Amarillo, US)",1771989201.507273,5.6857,0.2011,74641146.26070103,370688,40000,0,,377928,262,,,54413408,55162061,55181312,360552,1448,
"speedtest.awbb.net:5202 (Amarillo, US)",1771989201.7199051,5.8984,0.2127,73694597.33011371,379376,41000,2000,,377928,262,,,56372552,57129893,57147392,360552,1448,
"speedtest.awbb.net:5202 (Amarillo, US)",1771989201.921767,6.1002,0.2018,71743368.84465598,386616,42000,4000,,377928,262,,,58182552,58947133,58982400,360552,1448,
"speedtest.awbb.net:5202 (Amarillo, US)",1771989202.127346,6.3058,0.2056,80975845.68587194,393856,40000,2000,,377928,262,,,60263328,61035149,61079552,360552,1448,
"speedtest.awbb.net:5202 (Amarillo, US)",1771989202.330785,6.5092,0.2034,77100048.70484799,399648,39000,1000,,377928,262,,,62223920,63001533,63045632,360552,1448,
"speedtest.awbb.net:5202 (Amarillo, US)",1771989202.531306,6.7097,0.2005,82893167.33943449,405440,40000,1000,,377928,262,,,64301800,65085205,65142784,360552,1448,
"speedtest.awbb.net:5202 (Amarillo, US)",1771989202.7394218,6.9179,0.2081,80657178.824905,411232,39000,2000,,377928,262,,,66399952,67189149,67239936,360552,1448,
"speedtest.awbb.net:5202 (Amarillo, US)",1771989202.945838,7.1243,0.2064,85081437.75843912,415576,38000,1000,,377928,262,,,68595120,69388661,69468160,360552,1448,
"speedtest.awbb.net:5202 (Amarillo, US)",1771989203.156675,7.335,0.2108,84583628.67245068,419920,42000,1000,,377928,262,,,70823592,71621477,71696384,360552,1448,
"speedtest.awbb.net:5202 (Amarillo, US)",1771989203.36515,7.5436,0.2085,85928904.38848814,422816,40000,1000,,377928,262,,,73063648,73864429,73924608,360552,1448,
"speedtest.awbb.net:5202 (Amarillo, US)",1771989203.577091,7.7555,0.2119,83195346.80970216,425712,39000,1000,,377928,262,,,75267504,76071181,76152832,360552,1448,
"speedtest.awbb.net:5202 (Amarillo, US)",1771989203.780416,7.9588,0.2033,82382403.62345754,428608,39000,2000,,377928,262,,,77361312,78167885,78249984,360552,1448,
"speedtest.awbb.net:5202 (Amarillo, US)",1771989203.985982,8.1644,0.2056,86329574.85493855,431504,39000,1000,,377928,262,,,79579648,80389117,80478208,360552,1448,
"speedtest.awbb.net:5202 (Amarillo, US)",1771989204.195768,8.3742,0.2098,89684219.71665272,432952,38000,0,,377928,262,,,81931200,82742117,82837504,360552,1448,
"speedtest.awbb.net:5202 (Amarillo, US)",1771989204.399426,8.5778,0.2037,86572931.31190687,434400,39000,2000,,377928,262,,,84135056,84947421,85065728,360552,1448,
"speedtest.awbb.net:5202 (Amarillo, US)",1771989204.599793,8.7782,0.2003,90313029.65396927,435848,38000,1000,,377928,262,,,86396832,87210645,87293952,360552,1448,
"speedtest.awbb.net:5202 (Amarillo, US)",1771989204.814039,8.9924,0.2142,87003675.40016367,437296,38000,1000,,377928,262,,,88726664,89541925,89653248,360552,1448,
"speedtest.awbb.net:5202 (Amarillo, US)",1771989205.014824,9.1932,0.2008,88733807.63450652,437296,38000,1000,,377928,262,,,90953688,91768949,91881472,360552,1448,
"speedtest.awbb.net:5202 (Amarillo, US)",1771989205.22367,9.402,0.2088,90299637.71349402,437296,38000,1000,,377928,262,,,93311032,94126293,94240768,360552,1448,
"speedtest.awbb.net:5202 (Amarillo, US)",1771989205.444761,9.6231,0.2211,85038209.50048247,443088,42000,3000,,377928,262,,,95661136,96482189,96600064,360552,1448,
"speedtest.awbb.net:5202 (Amarillo, US)",1771989205.6540852,9.8325,0.2093,89750908.73320694,450328,40000,3000,,377928,262,,,98009792,98838085,98959360,360552,1448,
"speedtest.awbb.net:5202 (Amarillo, US)",1771989205.862111,10.0405,0.208,89763323.0614935,457568,39000,1000,,377928,262,,,100343968,101179501,101318656,360552,1448,
"speedtest.awbb.net:5202 (Amarillo, US)",1771989206.0710888,10.2495,0.209,95397032.82012042,466256,39000,1000,,377928,262,,,102835976,103680197,103809024,360552,1448,
"speedtest.awbb.net:5202 (Amarillo, US)",1771989206.281404,10.4598,0.2103,94335753.16920465,473496,38000,0,,377928,262,,,105316400,106167861,106299392,360552,1448,
"speedtest.awbb.net:5202 (Amarillo, US)",1771989206.494266,10.6726,0.2128,98797576.43230587,480736,38000,0,,377928,262,,,107944520,108803221,108920832,360552,1448,
"speedtest.awbb.net:5202 (Amarillo, US)",1771989206.6989288,10.8773,0.2047,98090764.807811,489424,40000,1000,,377928,262,,,110453904,111321293,111411200,360552,1448,
"speedtest.awbb.net:5202 (Amarillo, US)",1771989206.9022138,11.0806,0.2033,81135324.42664233,356208,40000,0,,380824,264,,,112515856,113252429,113246208,344624,1448,
"speedtest.awbb.net:5202 (Amarillo, US)",1771989207.110045,11.2884,0.2078,74847961.28652877,369240,38000,0,,380824,264,,,114460024,115210125,115212288,344624,1448,
"speedtest.awbb.net:5202 (Amarillo, US)",1771989207.322617,11.5009,0.2125,66982154.66985573,382272,38000,1000,,380824,264,,,116239616,117002749,117047296,344624,1448,
"speedtest.awbb.net:5202 (Amarillo, US)",1771989207.527989,11.7064,0.2054,71163412.68992962,393856,48000,4000,,380824,264,,,118066992,118841709,118882304,344624,1448,
"speedtest.awbb.net:5202 (Amarillo, US)",1771989207.742205,11.9205,0.2141,52407533.23832147,286704,40000,2000,,443088,307,,,119469800,120199629,120061952,278016,1448,
"speedtest.awbb.net:5202 (Amarillo, US)",1771989207.952756,12.1311,0.2106,59466121.61018878,293944,38000,0,,443088,307,,,121035088,121772157,121634816,278016,1448,
"speedtest.awbb.net:5202 (Amarillo, US)",1771989208.157687,12.3359,0.2048,61251056.41631723,299736,40000,1000,,443088,307,,,122603272,123346133,123207680,278016,1448,
"speedtest.awbb.net:5202 (Amarillo, US)",1771989208.3738189,12.5522,0.2163,61760026.33028469,305528,39000,1000,,443088,307,,,124272816,125021469,124911616,278016,1448,
"speedtest.awbb.net:5202 (Amarillo, US)",1771989208.583828,12.7622,0.21,64758637.31360754,309872,37000,0,,443088,307,,,125972768,126725765,126615552,278016,1448,
"speedtest.awbb.net:5202 (Amarillo, US)",1771989208.786794,12.9651,0.203,61752872.991124876,314216,40000,1000,,443088,307,,,127539504,128296845,128188416,278016,1448,
"speedtest.awbb.net:5202 (Amarillo, US)",1771989208.99255,13.1709,0.2058,65359445.4064329,318560,43000,4000,,443088,307,,,129220632,129982317,129892352,278016,1448,
"speedtest.awbb.net:5202 (Amarillo, US)",1771989209.206284,13.3846,0.2137,46031144.18741221,227336,40000,1000,,459016,318,,,130450296,131136685,130940928,224440,1448,
"speedtest.awbb.net:5202 (Amarillo, US)",1771989209.429756,13.6081,0.2235,46753891.03587209,234576,38000,1000,,459016,318,,,131756392,132450021,132251648,224440,1448,
"speedtest.awbb.net:5202 (Amarillo, US)",1771989209.6449559,13.8233,0.2152,48828676.01490623,240368,39000,2000,,459016,318,,,133069728,133769149,133562368,224440,1448,
"speedtest.awbb.net:5202 (Amarillo, US)",1771989209.853887,14.0322,0.209,49284151.33330955,246160,39000,2000,,459016,318,,,134357000,135062213,134873088,224440,1448,
"speedtest.awbb.net:5202 (Amarillo, US)",1771989210.0596218,14.238,0.2057,51127194.48573862,250504,39000,1000,,459016,318,,,135671784,136381341,136183808,224440,1448,
"speedtest.awbb.net:5202 (Amarillo, US)",1771989210.260473,14.4388,0.2009,51502942.68722331,253400,39000,0,,459016,318,,,136964848,137677301,137494528,224440,1448,
"speedtest.awbb.net:5202 (Amarillo, US)",1771989210.482888,14.6612,0.2224,51202753.26577715,257744,39000,1000,,459016,318,,,138388232,139105029,138936320,224440,1448,
"speedtest.awbb.net:5202 (Amarillo, US)",1771989210.6938822,14.8719,0.2107,54324678.401576154,260640,39000,1000,,459016,318,,,139818856,140538549,140378112,224440,1448,
"speedtest.awbb.net:5202 (Amarillo, US)",1771989210.905735,15.0841,0.2122,49132089.06969955,263536,38000,1000,,459016,318,,,141122056,141844645,141688832,224440,1448,
"speedtest.awbb.net:5202 (Amarillo, US)",1771989211.117845,15.2962,0.2121,54070620.2558436,264984,38000,1000,,459016,318,,,142555576,143279613,143130624,224440,1448,
"speedtest.awbb.net:5202 (Amarillo, US)",1771989211.330693,15.509,0.2129,53875589.41770592,267880,38000,0,,459016,318,,,143989096,144716029,144572416,224440,1448,
"speedtest.awbb.net:5202 (Amarillo, US)",1771989211.533002,15.7113,0.2023,56974962.31877766,270776,39000,1000,,459016,318,,,145429856,146159685,146014208,224440,1448,
"speedtest.awbb.net:5202 (Amarillo, US)",1771989211.753768,15.932,0.2207,52015456.30057692,278016,44000,5000,,459016,318,,,146864824,147601893,147456000,224440,1448,
"speedtest.awbb.net:5202 (Amarillo, US)",1771989211.969527,16.1478,0.2158,58508168.10226253,286704,38000,1000,,459016,318,,,148443144,149188901,149028864,224440,1448,
"speedtest.awbb.net:5202 (Amarillo, US)",1771989212.177631,16.3559,0.2081,59895695.14619589,293944,38000,1000,,459016,318,,,150001192,150754189,150601728,224440,1448,
"speedtest.awbb.net:5202 (Amarillo, US)",1771989212.378438,16.5568,0.2008,62356236.06830297,302632,38000,1000,,459016,318,,,151566480,152328165,152174592,224440,1448,
"speedtest.awbb.net:5202 (Amarillo, US)",1771989212.59312,16.7714,0.2146,62278336.760060385,309872,38000,1000,,459016,318,,,153237472,154006397,153878528,224440,1448,
"speedtest.awbb.net:5202 (Amarillo, US)",1771989212.799058,16.9774,0.206,60292274.03802261,317112,47000,3000,,459016,318,,,154789728,155565893,155451392,224440,1448,
"speedtest.awbb.net:5202 (Amarillo, US)",1771989213.002572,17.1809,0.2035,67230185.19651197,324352,38000,1000,,459016,318,,,156499816,157283221,157155328,224440,1448,
"speedtest.awbb.net:5202 (Amarillo, US)",1771989213.2061582,17.3844,0.2036,66123412.22139378,333040,38000,1000,,459016,318,,,158182392,158974485,158859264,224440,1448,
"speedtest.awbb.net:5202 (Amarillo, US)",1771989213.41412,17.5924,0.208,70016016.58045651,340280,38000,0,,459016,318,,,160002528,160801861,160694272,224440,1448,
"speedtest.awbb.net:5202 (Amarillo, US)",1771989213.625932,17.8041,0.2117,68574130.95925635,347520,39000,2000,,459016,318,,,161816872,162623445,162529280,224440,1448,
"speedtest.awbb.net:5202 (Amarillo, US)",1771989213.833855,18.0121,0.208,69655714.16941226,354760,39000,1000,,459016,318,,,163628320,164442133,164364288,224440,1448,
"speedtest.awbb.net:5202 (Amarillo, US)",1771989214.0456011,18.2239,0.2118,58532044.956560366,362000,69000,14000,,459016,318,,,165177680,165998733,165937152,224440,1448,
"speedtest.awbb.net:5202 (Amarillo, US)",1771989214.265051,18.4434,0.2195,31879239.78102642,262088,107000,28000,,489424,339,,,166052272,166802397,166592512,253400,1448,
"speedtest.awbb.net:5202 (Amarillo, US)",1771989214.473431,18.6516,0.2083,22415794.192685705,272224,105000,12000,,489424,339,,,166635840,167397525,167116800,253400,1448,
"speedtest.awbb.net:5202 (Amarillo, US)",1771989214.764292,18.9426,0.2909,11586710.892946118,282360,197000,53000,,489424,339,,,167057208,167829029,167641088,253400,1448,
"speedtest.awbb.net:5202 (Amarillo, US)",1771989214.965854,19.1441,0.2015,10117200.0074029,289600,257000,32000,,489424,339,,,167312056,168091117,167903232,253400,1448,
"speedtest.awbb.net:5202 (Amarillo, US)",1771989215.1986618,19.3769,0.2328,18211098.266456317,301184,116000,39000,,489424,339,,,167842024,168632669,168427520,253400,1448,
"speedtest.awbb.net:5202 (Amarillo, US)",1771989215.427636,19.6058,0.229,25600447.239287004,311320,117000,5000,,489424,339,,,168574712,169375493,169213952,253400,1448,
"speedtest.awbb.net:5202 (Amarillo, US)",1771989215.653205,19.8312,0.2254,19532536.552603338,318560,138000,12000,,489424,339,,,169124952,169932973,169738240,253400,1448,
"speedtest.awbb.net:5202 (Amarillo, US)",1771989215.9125419,20.0907,0.2595,19772081.760997165,325800,144000,19000,,489424,339,,,169766416,170581677,170393600,253400,1448,
"speedtest.awbb.net:5202 (Amarillo, US)",1771989216.140268,20.3185,0.2278,33410959.293111157,333040,69000,4000,,489424,339,,,170717752,171540253,171442176,253400,1448,
"speedtest.awbb.net:5202 (Amarillo, US)",1771989216.341675,20.5199,0.2014,46886945.66411889,338832,47000,4000,,489424,339,,,171897872,172726165,172621824,253400,1448,
"speedtest.awbb.net:5202 (Amarillo, US)",1771989216.558269,20.7365,0.2166,61706520.384035416,343176,40000,0,,489424,339,,,173568864,174401501,174325760,253400,1448,
"speedtest.awbb.net:5202 (Amarillo, US)",1771989216.7653508,20.9436,0.2071,70484064.10251795,346072,39000,1000,,489424,339,,,175393344,176228877,176160768,253400,1448,
"speedtest.awbb.net:5202 (Amarillo, US)",1771989216.980534,21.1588,0.2152,69769228.03700128,348968,41000,2000,,489424,339,,,177269952,178108381,177995776,253400,1448,
"speedtest.awbb.net:5202 (Amarillo, US)",1771989217.183838,21.3621,0.2033,71795192.49429314,351864,38000,0,,489424,339,,,179094432,179935757,179830784,253400,1448,
"speedtest.awbb.net:5202 (Amarillo, US)",1771989217.38508,21.5633,0.2012,72180955.04729652,354760,38000,1000,,489424,339,,,180910224,181754445,181665792,253400,1448,
"speedtest.awbb.net:5202 (Amarillo, US)",1771989217.596264,21.7745,0.2112,74055564.57194877,356208,38000,1000,,489424,339,,,182865024,183710693,183631872,253400,1448,
"speedtest.awbb.net:5202 (Amarillo, US)",1771989217.8021472,21.9804,0.2059,71404129.37988125,357656,46000,1000,,489424,339,,,184702536,185549653,185466880,253400,1448,
"speedtest.awbb.net:5202 (Amarillo, US)",1771989218.0066292,22.1849,0.2045,71604054.95003161,359104,40000,1000,,489424,339,,,186532808,187381373,187301888,253400,1448,
"speedtest.awbb.net:5202 (Amarillo, US)",1771989218.211179,22.3894,0.2045,72111366.88479573,360552,38000,0,,489424,339,,,188376112,189226125,189136896,253400,1448,
"speedtest.awbb.net:5202 (Amarillo, US)",1771989218.41693,22.5951,0.2058,76222933.34378794,360552,37000,0,,489424,339,,,190336704,191186717,191102976,253400,1448,
"speedtest.awbb.net:5202 (Amarillo, US)",1771989218.628247,22.8065,0.2113,74773901.8163382,362000,38000,1000,,489424,339,,,192311776,193163237,193069056,253400,1448,
"speedtest.awbb.net:5202 (Amarillo, US)",1771989218.831605,23.0098,0.2033,71554717.86110654,362000,38000,1000,,489424,339,,,194130464,194981925,194904064,253400,1448,
"speedtest.awbb.net:5202 (Amarillo, US)",1771989219.040779,23.219,0.2092,75971745.58230425,362000,39000,0,,489424,339,,,196117120,196968581,196870144,253400,1448,
"speedtest.awbb.net:5202 (Amarillo, US)",1771989219.2525702,23.4307,0.2118,73469752.8460662,362000,38000,0,,489424,339,,,198061784,198913245,198836224,253400,1448,
"speedtest.awbb.net:5202 (Amarillo, US)",1771989219.474747,23.6529,0.2222,70806596.09601879,362000,40000,2000,,489424,339,,,200028168,200879629,200802304,253400,1448,
"speedtest.awbb.net:5202 (Amarillo, US)",1771989219.684059,23.8622,0.2093,75809722.8010262,362000,39000,1000,,489424,339,,,202011928,202863389,202768384,253400,1448,
"speedtest.awbb.net:5202 (Amarillo, US)",1771989219.889632,24.0678,0.2056,71112166.1429386,364896,38000,0,,489424,339,,,203839304,204693661,204603392,253400,1448,
"speedtest.awbb.net:5202 (Amarillo, US)",1771989220.0978088,24.2759,0.2081,75143641.4971372,372136,39000,0,,489424,339,,,205794104,206655701,206569472,253400,1448,
"speedtest.awbb.net:5202 (Amarillo, US)",1771989220.314202,24.4924,0.2164,72474295.51907119,380824,38000,0,,489424,339,,,207754696,208624981,208535552,253400,1448,
"speedtest.awbb.net:5202 (Amarillo, US)",1771989220.522223,24.7004,0.208,79957383.93956184,388064,38000,1000,,489424,339,,,209834024,210711549,210632704,253400,1448,
"speedtest.awbb.net:5202 (Amarillo, US)",1771989220.730033,24.9082,0.2078,80879319.45706162,395304,38000,0,,489424,339,,,211935072,212819837,212729856,253400,1448,
"speedtest.awbb.net:5202 (Amarillo, US)",1771989220.9468758,25.1251,0.2168,61167619.18621788,285256,40000,0,,498112,345,,,213592984,214376389,214171648,279464,1448,
"speedtest.awbb.net:5202 (Amarillo, US)",1771989221.155545,25.3338,0.2087,58780335.42116801,296840,39000,1000,,498112,345,,,215126416,215921405,215744512,279464,1448,
"speedtest.awbb.net:5202 (Amarillo, US)",1771989221.361493,25.5397,0.2059,60804683.580879845,308424,40000,2000,,498112,345,,,216691704,217498277,217317376,279464,1448,
"speedtest.awbb.net:5202 (Amarillo, US)",1771989221.571716,25.7499,0.2102,63542193.43622402,318560,39000,0,,498112,345,,,218361248,219177957,219021312,279464,1448,
"speedtest.awbb.net:5202 (Amarillo, US)",1771989221.790797,25.969,0.2191,62502491.50433133,328696,44000,2000,,498112,345,,,220072784,220899629,220725248,279464,1448,
"speedtest.awbb.net:5202 (Amarillo, US)",1771989221.9931898,26.1714,0.2024,65929078.835209586,335936,39000,1000,,498112,345,,,221740880,222574965,222429184,279464,1448,
"speedtest.awbb.net:5202 (Amarillo, US)",1771989222.1984231,26.3766,0.2052,70894715.99998744,344624,39000,1000,,498112,345,,,223559568,224402341,224264192,279464,1448,
"speedtest.awbb.net:5202 (Amarillo, US)",1771989222.4047859,26.5829,0.2063,70565129.44297378,351864,38000,1000,,498112,345,,,225379704,226229717,226099200,279464,1448,
"speedtest.awbb.net:5202 (Amarillo, US)",1771989222.611358,26.7894,0.2065,71191200.8390672,357656,40000,1000,,498112,345,,,227217216,228073021,227934208,279464,1448,
"speedtest.awbb.net:5202 (Amarillo, US)",1771989222.813905,26.9921,0.2026,70029895.70285979,363448,48000,4000,,498112,345,,,228991016,229852613,229769216,279464,1448,
"speedtest.awbb.net:5202 (Amarillo, US)",1771989223.023695,27.2019,0.2098,75043064.43945216,369240,39000,1000,,498112,345,,,230958848,231826237,231735296,279464,1448,
"speedtest.awbb.net:5202 (Amarillo, US)",1771989223.2346518,27.4127,0.2109,74331613.1214322,373584,41000,2000,,498112,345,,,232917992,233789725,233701376,279464,1448,
"speedtest.awbb.net:5202 (Amarillo, US)",1771989223.437063,27.6152,0.2025,78021258.65931407,377928,37000,1000,,498112,345,,,234893064,235769141,235667456,279464,1448,
"speedtest.awbb.net:5202 (Amarillo, US)",1771989223.6509209,27.8287,0.2135,77906054.11327079,382272,38000,0,,498112,345,,,236972392,237852813,237764608,279464,1448,
"speedtest.awbb.net:5202 (Amarillo, US)",1771989223.856585,28.0347,0.206,75191974.81514078,385168,38000,1000,,498112,345,,,238908368,239791685,239730688,279464,1448,
"speedtest.awbb.net:5202 (Amarillo, US)",1771989224.0712252,28.2494,0.2146,78203900.60287182,388064,39000,1000,,498112,345,,,241006520,241892733,241827840,279464,1448,
"speedtest.awbb.net:5202 (Amarillo, US)",1771989224.2808928,28.4591,0.2097,79933450.83541393,389512,39000,1000,,498112,345,,,243101776,243989437,243924992,279464,1448,
"speedtest.awbb.net:5202 (Amarillo, US)",1771989224.4869351,28.6651,0.206,81409755.14959924,392408,38000,0,,498112,345,,,245198480,246089037,246022144,279464,1448,
"speedtest.awbb.net:5202 (Amarillo, US)",1771989224.686953,28.8651,0.2,79403175.4577447,393856,40000,1000,,498112,345,,,247183688,248075693,247988224,279464,1448,
"speedtest.awbb.net:5202 (Amarillo, US)",1771989224.896745,29.0749,0.2098,79180440.53676414,395304,39000,1000,,498112,345,,,249260120,250153573,250085376,279464,1448,
"speedtest.awbb.net:5202 (Amarillo, US)",1771989225.101838,29.28,0.2051,81957884.68772809,396752,38000,1000,,498112,345,,,251361168,252256069,252182528,279464,1448,
"speedtest.awbb.net:5202 (Amarillo, US)",1771989225.311816,29.4899,0.21,80221023.9617118,396752,39000,0,,498112,345,,,253466560,254361461,254279680,279464,1448,
"speedtest.awbb.net:5202 (Amarillo, US)",1771989225.516674,29.6947,0.2048,81791122.22259322,398200,38000,0,,498112,345,,,255560368,256456717,256376832,279464,1448,
"speedtest.awbb.net:5202 (Amarillo, US)",1771989225.719637,29.8977,0.203,82246719.53362183,398200,38000,0,,498112,345,,,257646936,258543285,258473984,279464,1448,
"speedtest.awbb.net:5202 (Amarillo, US)",1771989225.8255281,30.0036,0.1059,77440167.46946341,398200,39000,1000,,498112,345,,,258672120,259568469,259522560,279464,1448,
